{
	"units":
	[
		{ "type": "DRAGON", "player": 1, "i": 4, "j": 5 },
		{ "type": "SOLDIER", "player": 0, "i": 2, "j": 4 },
		{ "type": "SKELETON", "player": 1, "i": 3, "j": 4, "health": 1 },
		{ "type": "SOLDIER", "player": 0, "i": 3, "j": 3 },
		{ "type": "DIRE_WOLF", "player": 0, "i": 5, "j": 5 },
		{ "type": "ARCHER", "player": 0, "i": 2, "j": 5 },
		{ "type": "CATAPULT", "player": 0, "i": 3, "j": 7 },
		{ "type": "SOLDIER", "player": 0, "i": 4, "j": 8 },
		{ "type": "SOLDIER", "player": 0, "i": 4, "j": 10 },
		{ "type": "SOLDIER", "player": 0, "i": 3, "j": 9 },
		{ "type": "SOLDIER", "player": 0, "i": 2, "j": 9 },
		{ "type": "SOLDIER", "player": 0, "i": 1, "j": 9 },
		{ "type": "SOLDIER", "player": 0, "i": 3, "j": 8 },
		{ "type": "SOLDIER", "player": 0, "i": 3, "j": 10 },
		{ "type": "WISP", "player": 0, "i": 5, "j": 9 }
	]
}