{"scripts":[{"type":"SET_NAMED_UNIT","begin_conditions":[],"i":0,"j":13,"name":"king"},{"type":"SET_NAMED_UNIT","begin_conditions":[],"i":-4,"j":13,"name":"crystall"},{"type":"BLACK_SCREEN","begin_conditions":[]},{"type":"HIDE_CURSOR","begin_conditions":[]},{"type":"HIDE_INFO_BAR","begin_conditions":[]},{"type":"DISABLE_ACTIVE_GAME","begin_conditions":[]},{"type":"SET_UNIT_SPEED","begin_conditions":[],"framesForCell":12},{"type":"TITLE","begin_conditions":[],"text":"title"},{"type":"HIDE_BLACK_SCREEN","begin_conditions":[{"type":"SCRIPT","index":7}]},{"type":"UNIT_MOVE_EXTENDED","begin_conditions":[{"type":"SCRIPT","index":7}],"keyPoints":[{"i":0,"j":13},{"i":1,"j":13},{"i":1,"j":14},{"i":3,"j":14}]},{"type":"UNIT_MOVE_EXTENDED","begin_conditions":[{"type":"SCRIPT","index":7}],"keyPoints":[{"i":-1,"j":13},{"i":1,"j":13},{"i":1,"j":14},{"i":2,"j":14}]},{"type":"UNIT_MOVE_EXTENDED","begin_conditions":[{"type":"SCRIPT","index":7}],"keyPoints":[{"i":-2,"j":13},{"i":1,"j":13},{"i":1,"j":14}]},{"type":"UNIT_MOVE_EXTENDED","begin_conditions":[{"type":"SCRIPT","index":7}],"keyPoints":[{"i":-3,"j":13},{"i":1,"j":13}]},{"type":"UNIT_MOVE_EXTENDED","begin_conditions":[{"type":"SCRIPT","index":7}],"keyPoints":[{"i":-4,"j":13},{"i":0,"j":13}]},{"type":"DIALOG","begin_conditions":[{"type":"SCRIPT","index":13}],"text":"dialog.0","image":"../images/portrait/5.png","align":"LEFT"},{"type":"DIALOG","begin_conditions":[{"type":"SCRIPT","index":14}],"text":"dialog.1","image":"../images/portrait/0.png","align":"LEFT"},{"type":"SHOW_TARGET","begin_conditions":[{"type":"SCRIPT","index":15}],"text_title":"targetTitle","text_target":"target"},{"type":"SHOW_CURSOR","begin_conditions":[{"type":"SCRIPT","index":16}]},{"type":"SHOW_INFO_BAR","begin_conditions":[{"type":"SCRIPT","index":16}]},{"type":"ENABLE_ACTIVE_GAME","begin_conditions":[{"type":"SCRIPT","index":16}]},{"type":"SET_UNIT_SPEED","begin_conditions":[{"type":"SCRIPT","index":16}],"framesForCell":8},{"type":"SET_CAMERA_SPEED","begin_conditions":[{"type":"SCRIPT","index":16}],"delta":6},{"type":"DISABLE_ACTIVE_GAME","begin_conditions":[{"type":"PLAYER_TURN","turn":2},{"type":"SCRIPT","index":21}]},{"type":"HIDE_CURSOR","begin_conditions":[{"type":"SCRIPT","index":22}]},{"type":"DELAY","begin_conditions":[{"type":"SCRIPT","index":22}],"milliseconds":1000},{"type":"CAMERA_MOVE","begin_conditions":[{"type":"SCRIPT","index":24}],"i":7,"j":11},{"type":"UNIT_CREATE","begin_conditions":[{"type":"SCRIPT","index":25}],"i":8,"j":11,"unitType":"DIRE_WOLF","player":1},{"type":"UNIT_MOVE","begin_conditions":[{"type":"SCRIPT","index":25}],"i":8,"j":11,"targetI":7,"targetJ":14},{"type":"UNIT_CREATE","begin_conditions":[{"type":"SCRIPT","index":27}],"i":8,"j":11,"unitType":"SOLDIER","player":1},{"type":"UNIT_MOVE","begin_conditions":[{"type":"SCRIPT","index":27}],"i":8,"j":11,"targetI":7,"targetJ":13},{"type":"UNIT_CREATE","begin_conditions":[{"type":"SCRIPT","index":29}],"i":8,"j":11,"unitType":"SORCERESS","player":1},{"type":"UNIT_MOVE","begin_conditions":[{"type":"SCRIPT","index":29}],"i":8,"j":11,"targetI":7,"targetJ":12},{"type":"UNIT_CREATE","begin_conditions":[{"type":"SCRIPT","index":31}],"i":8,"j":11,"unitType":"ARCHER","player":1},{"type":"UNIT_MOVE","begin_conditions":[{"type":"SCRIPT","index":31}],"i":8,"j":11,"targetI":8,"targetJ":13},{"type":"DELAY","begin_conditions":[{"type":"SCRIPT","index":33}],"milliseconds":666},{"type":"DIALOG","begin_conditions":[{"type":"SCRIPT","index":34}],"text":"dialog.2","image":"../images/portrait/5.png","align":"LEFT"},{"type":"CAMERA_MOVE_ON_KING","begin_conditions":[{"type":"SCRIPT","index":35}],"player":0},{"type":"ENABLE_ACTIVE_GAME","begin_conditions":[{"type":"SCRIPT","index":36}]},{"type":"SHOW_CURSOR","begin_conditions":[{"type":"SCRIPT","index":36}]},{"type":"DISABLE_ACTIVE_GAME","begin_conditions":[{"type":"CONDITION_OR","conditions":[{"type":"UNIT_INTO_BOUNDS","bounds":[{"iMin":10,"jMin":0,"iMax":17,"jMax":9}],"player":0},{"type":"UNIT_AMOUNT","player":1,"comparator":0,"amount":0}]},{"type":"SCRIPT","index":38}]},{"type":"HIDE_CURSOR","begin_conditions":[{"type":"SCRIPT","index":39}]},{"type":"DELAY","begin_conditions":[{"type":"SCRIPT","index":39}],"milliseconds":666},{"type":"SET_COORDINATE_NAMED_UNIT_I","begin_conditions":[{"type":"SCRIPT","index":41}],"name":"crystallI","unit":"crystall"},{"type":"SET_COORDINATE_NAMED_UNIT_J","begin_conditions":[{"type":"SCRIPT","index":41}],"name":"crystallJ","unit":"crystall"},{"type":"UNIT_CREATE","begin_conditions":[{"type":"SCRIPT","index":41}],"i":"crystallI","j":16,"unitType":"DRAGON","player":1},{"type":"CAMERA_MOVE","begin_conditions":[{"type":"SCRIPT","index":41}],"i":"crystallI","j":15},{"type":"UNIT_MOVE","begin_conditions":[{"type":"SCRIPT","index":45}],"i":"crystallI","j":16,"targetI":"crystallI","targetJ":15},{"type":"DIALOG","begin_conditions":[{"type":"SCRIPT","index":46}],"text":"dialog.3","image":"../images/portrait/5.png","align":"LEFT"},{"type":"UNIT_MOVE","begin_conditions":[{"type":"SCRIPT","index":47}],"i":"crystallI","j":15,"targetI":"crystallI","targetJ":"crystallJ"},{"type":"DIALOG","begin_conditions":[{"type":"SCRIPT","index":48}],"text":"dialog.4","image":"../images/portrait/0.png","align":"LEFT"},{"type":"SET_CAMERA_SPEED","begin_conditions":[{"type":"SCRIPT","index":49}],"delta":3},{"type":"CAMERA_MOVE","begin_conditions":[{"type":"SCRIPT","index":49}],"i":0,"j":0},{"type":"SET_COORDINATE_FROM_OTHER","begin_conditions":[{"type":"SCRIPT","index":49}],"otherName":"crystallJ","name":"crystallJ-1","delta":-1},{"type":"UNIT_MOVE","begin_conditions":[{"type":"SCRIPT","index":49}],"i":"crystallI","j":"crystallJ","targetI":"crystallI","targetJ":"crystallJ-1"},{"type":"UNIT_MOVE","begin_conditions":[{"type":"SCRIPT","index":53}],"i":"crystallI","j":"crystallJ-1","targetI":"crystallI","targetJ":-2},{"type":"UNIT_MOVE","begin_conditions":[{"type":"SCRIPT","index":53}],"i":"crystallI","j":"crystallJ","targetI":"crystallI","targetJ":-1},{"type":"SET_CAMERA_SPEED","begin_conditions":[{"type":"SCRIPT","index":55}],"delta":6},{"type":"REMOVE_UNIT","begin_conditions":[{"type":"SCRIPT","index":55}],"i":"crystallI","j":-1},{"type":"REMOVE_UNIT","begin_conditions":[{"type":"SCRIPT","index":55}],"i":"crystallI","j":-2},{"type":"CAMERA_MOVE","begin_conditions":[{"type":"SCRIPT","index":58}],"i":9,"j":1},{"type":"UNIT_CREATE","begin_conditions":[{"type":"SCRIPT","index":59}],"i":8,"j":-2,"unitType":"KING","player":1},{"type":"UNIT_MOVE","begin_conditions":[{"type":"SCRIPT","index":59}],"i":8,"j":-2,"targetI":8,"targetJ":0},{"type":"UNIT_CREATE","begin_conditions":[{"type":"SCRIPT","index":59}],"i":8,"j":-1,"unitType":"SOLDIER","player":1},{"type":"UNIT_MOVE","begin_conditions":[{"type":"SCRIPT","index":59}],"i":8,"j":-1,"targetI":8,"targetJ":3},{"type":"UNIT_CREATE","begin_conditions":[{"type":"SCRIPT","index":59}],"i":10,"j":-1,"unitType":"SOLDIER","player":1},{"type":"UNIT_MOVE","begin_conditions":[{"type":"SCRIPT","index":59}],"i":10,"j":-1,"targetI":10,"targetJ":1},{"type":"UNIT_CREATE","begin_conditions":[{"type":"SCRIPT","index":59}],"i":7,"j":-3,"unitType":"DRAGON","player":1},{"type":"UNIT_MOVE_EXTENDED","begin_conditions":[{"type":"SCRIPT","index":59}],"keyPoints":[{"i":7,"j":-3},{"i":7,"j":4},{"i":8,"j":4}]},{"type":"UNIT_CREATE","begin_conditions":[{"type":"SCRIPT","index":59}],"i":11,"j":-3,"unitType":"DRAGON","player":1},{"type":"UNIT_MOVE_EXTENDED","begin_conditions":[{"type":"SCRIPT","index":59}],"keyPoints":[{"i":11,"j":-3},{"i":11,"j":2},{"i":10,"j":2}]},{"type":"UNIT_CREATE","begin_conditions":[{"type":"SCRIPT","index":59}],"i":9,"j":-2,"unitType":"WISP","player":1},{"type":"UNIT_MOVE","begin_conditions":[{"type":"SCRIPT","index":59}],"i":9,"j":-2,"targetI":9,"targetJ":2},{"type":"UNIT_CREATE","begin_conditions":[{"type":"SCRIPT","index":59}],"i":9,"j":-4,"unitType":"GOLEM","player":1},{"type":"UNIT_MOVE","begin_conditions":[{"type":"SCRIPT","index":59}],"i":9,"j":-4,"targetI":9,"targetJ":4},{"type":"UNIT_CREATE","begin_conditions":[{"type":"SCRIPT","index":59}],"i":9,"j":-6,"unitType":"GOLEM","player":1},{"type":"UNIT_MOVE_EXTENDED","begin_conditions":[{"type":"SCRIPT","index":59}],"keyPoints":[{"i":9,"j":-6},{"i":9,"j":5},{"i":10,"j":5}]},{"type":"DELAY","begin_conditions":[{"type":"SCRIPT","index":59}],"milliseconds":3333},{"type":"DIALOG","begin_conditions":[{"type":"SCRIPT","index":76}],"text":"dialog.5","image":"../images/portrait/3.png","align":"LEFT"},{"type":"CAMERA_MOVE","begin_conditions":[{"type":"SCRIPT","index":77}],"i":14,"j":13},{"type":"UNIT_CREATE","begin_conditions":[{"type":"SCRIPT","index":78}],"i":14,"j":13,"unitType":"SOLDIER","player":1},{"type":"UNIT_MOVE","begin_conditions":[{"type":"SCRIPT","index":78}],"i":14,"j":13,"targetI":14,"targetJ":12},{"type":"UNIT_CREATE","begin_conditions":[{"type":"SCRIPT","index":80}],"i":14,"j":13,"unitType":"GOLEM","player":1},{"type":"UNIT_MOVE","begin_conditions":[{"type":"SCRIPT","index":80}],"i":14,"j":13,"targetI":14,"targetJ":14},{"type":"UNIT_CREATE","begin_conditions":[{"type":"SCRIPT","index":82}],"i":14,"j":13,"unitType":"ELEMENTAL","player":1},{"type":"UNIT_MOVE","begin_conditions":[{"type":"SCRIPT","index":82}],"i":14,"j":13,"targetI":12,"targetJ":13},{"type":"UNIT_CREATE","begin_conditions":[{"type":"SCRIPT","index":84}],"i":14,"j":13,"unitType":"SORCERESS","player":1},{"type":"UNIT_MOVE","begin_conditions":[{"type":"SCRIPT","index":84}],"i":14,"j":13,"targetI":15,"targetJ":13},{"type":"DIALOG","begin_conditions":[{"type":"SCRIPT","index":86}],"text":"dialog.6","image":"../images/portrait/5.png","align":"LEFT"},{"type":"DIALOG","begin_conditions":[{"type":"SCRIPT","index":87}],"text":"dialog.7","image":"../images/portrait/0.png","align":"LEFT"},{"type":"CAMERA_MOVE","begin_conditions":[{"type":"SCRIPT","index":88}],"i":17,"j":13},{"type":"UNIT_CREATE","begin_conditions":[{"type":"SCRIPT","index":89}],"i":18,"j":13,"unitType":"KING","player":0},{"type":"UNIT_MOVE","begin_conditions":[{"type":"SCRIPT","index":89}],"i":18,"j":13,"targetI":16,"targetJ":13},{"type":"UNIT_CREATE","begin_conditions":[{"type":"SCRIPT","index":89}],"i":18,"j":12,"unitType":"GOLEM","player":0},{"type":"UNIT_MOVE","begin_conditions":[{"type":"SCRIPT","index":89}],"i":18,"j":12,"targetI":16,"targetJ":12},{"type":"UNIT_CREATE","begin_conditions":[{"type":"SCRIPT","index":89}],"i":19,"j":14,"unitType":"DRAGON","player":0},{"type":"UNIT_MOVE","begin_conditions":[{"type":"SCRIPT","index":89}],"i":19,"j":14,"targetI":16,"targetJ":14},{"type":"UNIT_CREATE","begin_conditions":[{"type":"SCRIPT","index":89}],"i":19,"j":13,"unitType":"WISP","player":0},{"type":"UNIT_MOVE","begin_conditions":[{"type":"SCRIPT","index":89}],"i":19,"j":13,"targetI":17,"targetJ":13},{"type":"UNIT_CREATE","begin_conditions":[{"type":"SCRIPT","index":89}],"i":19,"j":12,"unitType":"ARCHER","player":0},{"type":"UNIT_MOVE","begin_conditions":[{"type":"SCRIPT","index":89}],"i":19,"j":12,"targetI":17,"targetJ":12},{"type":"DELAY","begin_conditions":[{"type":"SCRIPT","index":89}],"milliseconds":1333},{"type":"DIALOG","begin_conditions":[{"type":"SCRIPT","index":100}],"text":"dialog.8","image":"../images/portrait/1.png","align":"LEFT"},{"type":"CAMERA_MOVE_ON_KING","begin_conditions":[{"type":"SCRIPT","index":101}],"player":0},{"type":"ENABLE_ACTIVE_GAME","begin_conditions":[{"type":"SCRIPT","index":102}]},{"type":"SHOW_CURSOR","begin_conditions":[{"type":"SCRIPT","index":102}]},{"type":"DISABLE_ACTIVE_GAME","begin_conditions":[{"type":"CONDITION_AND","conditions":[{"type":"UNIT_AMOUNT","player":1,"comparator":0,"amount":0},{"type":"CASTLE_AMOUNT","player":1,"comparator":0,"amount":0}]},{"type":"SCRIPT","index":104}]},{"type":"HIDE_CURSOR","begin_conditions":[{"type":"SCRIPT","index":105}]},{"type":"DELAY","begin_conditions":[{"type":"SCRIPT","index":105}],"milliseconds":666},{"type":"MISSION_COMPLETE","begin_conditions":[{"type":"SCRIPT","index":107}],"text":"missionComplete"},{"type":"CLOSE_MISSION","begin_conditions":[{"type":"SCRIPT","index":108}]},{"type":"GAME_OVER","begin_conditions":[{"type":"CONDITION_OR","conditions":[{"type":"NAMED_UNIT_DEAD","name":"crystall"},{"type":"CONDITION_AND","conditions":[{"type":"CASTLE_AMOUNT","player":0,"comparator":0,"amount":0},{"type":"NAMED_UNIT_DEAD","name":"king"}]}]}]}]}