{"name":"СБОР","title":"За Городом","target":"Сопроводить Кристалл на юг в город Торин. Король Галамар должен выжить.","targetTitle":"СБОР","dialog.0":"Ваше Высочество, войска утомлены! Предлагаю разбить здесь лагерь на ночь.","dialog.1":"Мы не должны задерживаться, Капитан. Чем раньше мы достигнем Торина, тем лучше. Войска смогут отдохнуть, когда мы будем в безопасности.","dialog.2":"Еще одна засада! Не упускай Кристалл из виду!","dialog.3":"Войска! Тот дракон пойдет впереди нас - защищать Короля!","dialog.4":"Это Кристалл! Да защитит нас Создатель!","dialog.5":"Беги, жалкий человечишко, пока еще не слишком поздно!","dialog.6":"Вражеские войска выглядят угрожающе, я рекомендую отступить.","dialog.7":"У нас нет иного выбора кроме атаки - мы должны идти за Кристаллом!","dialog.8":"Галамар! Мы пришли так быстро как могли! Давай сражаться бок о бок!","missionComplete":"МИССИЯ ЗАВЕРШЕНА"}