<?xml version="1.0" encoding="UTF-8"?>

<cell_types>
	<default_cell_type>
		<property name="name" value="DEFAULT" />
		<property name="isStatic" value="true" />
		<property name="baseDifficulte" value="1" />
	</default_cell_type>
	<cell_type>
		<property name="name" value="MOUNT" />
		<property name="baseDifficulte" value="3" />
	</cell_type>
	<cell_type>
		<property name="name" value="HILL" />
		<property name="baseDifficulte" value="2" />
	</cell_type>
	<cell_type>
		<property name="name" value="TWO_TREES" />
		<property name="baseDifficulte" value="2" />
	</cell_type>
	<cell_type>
		<property name="name" value="THREE_TREES" />
		<property name="baseDifficulte" value="2" />
	</cell_type>
	<cell_type>
		<property name="name" value="PLAIN" />
	</cell_type>
</cell_types>
