<?xml version="1.0" encoding="UTF-8"?>

<cell_types>
	<default_cell_type name="DEFAULT" isStatic="true" baseDifficulte="1" isCapture="false"
		isDestroying="false" isShop="false" />
	<cell_type name="MOUNT" baseDifficulte="3" />
	<cell_type name="HILL" baseDifficulte="2" />
	<cell_type name="TWO_TREES" baseDifficulte="2" />
	<cell_type name="THREE_TREES" baseDifficulte="2" />
	<cell_type name="PLAIN" />
	<cell_type name="BUILDING" isStatic="false" isCapture="true" isDestroying="true" isHeal="true" />
	<cell_type name="CASTLE" isStatic="false" isCapture="true" isHeal="true" isShop="true" />
	<cell_type name="WAY_DOWN_UP" />
	<cell_type name="WAY_LEFT_DOWN" />
	<cell_type name="WAY_LEFT_RIGHT" />
	<cell_type name="WAY_LEFT_RIGHT_DOWN_UP" />
	<cell_type name="WAY_LEFT_UP" />
	<cell_type name="WAY_RIGHT_DOWN" />
	<cell_type name="WAY_RIGHT_UP" />
	<cell_type name="WATER_LEFT_DOWNLEFT_DOWN_DOWNRIGHT" group="WATER" />
	<cell_type name="WATER_LEFT_DOWNLEFT_DOWN" group="WATER" />
	<cell_type name="WATER_LEFT_RIGHT_DOWNLEFT_DOWN_DOWNRIGHT" group="WATER" />
	<cell_type name="WATER_RIGHT_DOWN_DOWNRIGHT" group="WATER" />
	<cell_type name="WATER_RIGHT_DOWNLEFT_DOWN_DOWNRIGHT" group="WATER" />
	<cell_type name="WATER_UP_UPRIGHT_LEFT_RIGHT_DOWNLEFT_DOWN_DOWNRIGHT" group="WATER" />
	<cell_type name="WATER_UP_UPRIGHT_RIGHT_DOWN_DOWNRIGHT" group="WATER" />
	<cell_type name="WATER_UP_UPRIGHT_RIGHT_DOWNRIGHT" group="WATER" />
	<cell_type name="WATER_UP_UPRIGHT_RIGHT" group="WATER" />
	<cell_type name="WATER_UPLEFT_LEFT_DOWNLEFT_DOWN_DOWNRIGHT" group="WATER" />
	<cell_type name="WATER_UPLEFT_LEFT_DOWNLEFT_DOWN" group="WATER" />
	<cell_type name="WATER_UPLEFT_UP_LEFT_DOWNLEFT_DOWN" group="WATER" />
	<cell_type name="WATER_UPLEFT_UP_LEFT_DOWNLEFT" group="WATER" />
	<cell_type name="WATER_UPLEFT_UP_LEFT" group="WATER" />
	<cell_type name="WATER_UPLEFT_UP_LEFT_RIGHT_DOWNLEFT_DOWN_DOWNRIGHT" group="WATER" />
	<cell_type name="WATER_UPLEFT_UP_UPRIGHT_LEFT_DOWNLEFT" group="WATER" />
	<cell_type name="WATER_UPLEFT_UP_UPRIGHT_LEFT" group="WATER" />
	<cell_type name="WATER_UPLEFT_UP_UPRIGHT_LEFT_RIGHT_DOWN_DOWNRIGHT" group="WATER" />
	<cell_type name="WATER_UPLEFT_UP_UPRIGHT_LEFT_RIGHT_DOWNLEFT_DOWN_DOWNRIGHT" group="WATER" />
	<cell_type name="WATER_UPLEFT_UP_UPRIGHT_LEFT_RIGHT_DOWNLEFT_DOWN" group="WATER" />
	<cell_type name="WATER_UPLEFT_UP_UPRIGHT_LEFT_RIGHT" group="WATER" />
	<cell_type name="WATER_UPLEFT_UP_UPRIGHT_RIGHT_DOWNRIGHT" group="WATER" />
	<cell_type name="WATER_UPLEFT_UP_UPRIGHT_RIGHT" group="WATER" />
	<cell_type name="WATER_UPRIGHT_RIGHT_DOWN_DOWNRIGHT" group="WATER" />
	<cell_type name="WATER_UPRIGHT_RIGHT_DOWNLEFT_DOWN_DOWNRIGHT" group="WATER" />
</cell_types>
