<?xml version="1.0" encoding="UTF-8"?>

<cell_types>
	<default_cell_type>
		<property name="name" value="DEFAULT" />
		<property name="isStatic" value="true" />
		<property name="baseDifficulte" value="1" />
	</default_cell_type>
	<cell_type>
		<property name="name" value="MOUNT" />
		<property name="baseDifficulte" value="3" />
	</cell_type>
	<cell_type>
		<property name="name" value="HILL" />
		<property name="baseDifficulte" value="2" />
	</cell_type>
	<cell_type>
		<property name="name" value="TWO_TREES" />
		<property name="baseDifficulte" value="2" />
	</cell_type>
	<cell_type>
		<property name="name" value="THREE_TREES" />
		<property name="baseDifficulte" value="2" />
	</cell_type>
	<cell_type>
		<property name="name" value="PLAIN" />
	</cell_type>
	<cell_type>
		<property name="name" value="WAY_DOWN_UP" />
	</cell_type>
	<cell_type>
		<property name="name" value="WAY_LEFT_DOWN" />
	</cell_type>
	<cell_type>
		<property name="name" value="WAY_LEFT_RIGHT" />
	</cell_type>
	<cell_type>
		<property name="name" value="WAY_LEFT_RIGHT_DOWN_UP" />
	</cell_type>
	<cell_type>
		<property name="name" value="WAY_LEFT_UP" />
	</cell_type>
	<cell_type>
		<property name="name" value="WAY_RIGHT_DOWN" />
	</cell_type>
	<cell_type>
		<property name="name" value="WAY_RIGHT_UP" />
	</cell_type>
	<cell_type>
		<property name="name" value="WATER_LEFT_DOWNLEFT_DOWN_DOWNRIGHT" />
		<property name="group" value="WATER" />
	</cell_type>
	<cell_type>
		<property name="name" value="WATER_LEFT_DOWNLEFT_DOWN" />
		<property name="group" value="WATER" />
	</cell_type>
	<cell_type>
		<property name="name" value="WATER_LEFT_RIGHT_DOWNLEFT_DOWN_DOWNRIGHT" />
		<property name="group" value="WATER" />
	</cell_type>
	<cell_type>
		<property name="name" value="WATER_RIGHT_DOWN_DOWNRIGHT" />
		<property name="group" value="WATER" />
	</cell_type>
	<cell_type>
		<property name="name" value="WATER_RIGHT_DOWNLEFT_DOWN_DOWNRIGHT" />
		<property name="group" value="WATER" />
	</cell_type>
	<cell_type>
		<property name="name" value="WATER_UP_UPRIGHT_LEFT_RIGHT_DOWNLEFT_DOWN_DOWNRIGHT" />
		<property name="group" value="WATER" />
	</cell_type>
	<cell_type>
		<property name="name" value="WATER_UP_UPRIGHT_RIGHT_DOWN_DOWNRIGHT" />
		<property name="group" value="WATER" />
	</cell_type>
	<cell_type>
		<property name="name" value="WATER_UP_UPRIGHT_RIGHT_DOWNRIGHT" />
		<property name="group" value="WATER" />
	</cell_type>
	<cell_type>
		<property name="name" value="WATER_UP_UPRIGHT_RIGHT" />
		<property name="group" value="WATER" />
	</cell_type>
	<cell_type>
		<property name="name" value="WATER_UPLEFT_LEFT_DOWNLEFT_DOWN_DOWNRIGHT" />
		<property name="group" value="WATER" />
	</cell_type>
	<cell_type>
		<property name="name" value="WATER_UPLEFT_LEFT_DOWNLEFT_DOWN" />
		<property name="group" value="WATER" />
	</cell_type>
	<cell_type>
		<property name="name" value="WATER_UPLEFT_UP_LEFT_DOWNLEFT_DOWN" />
		<property name="group" value="WATER" />
	</cell_type>
	<cell_type>
		<property name="name" value="WATER_UPLEFT_UP_LEFT_DOWNLEFT" />
		<property name="group" value="WATER" />
	</cell_type>
	<cell_type>
		<property name="name" value="WATER_UPLEFT_UP_LEFT" />
		<property name="group" value="WATER" />
	</cell_type>
	<cell_type>
		<property name="name" value="WATER_UPLEFT_UP_LEFT_RIGHT_DOWNLEFT_DOWN_DOWNRIGHT" />
		<property name="group" value="WATER" />
	</cell_type>
	<cell_type>
		<property name="name" value="WATER_UPLEFT_UP_UPRIGHT_LEFT_DOWNLEFT" />
		<property name="group" value="WATER" />
	</cell_type>
	<cell_type>
		<property name="name" value="WATER_UPLEFT_UP_UPRIGHT_LEFT" />
		<property name="group" value="WATER" />
	</cell_type>
	<cell_type>
		<property name="name" value="WATER_UPLEFT_UP_UPRIGHT_LEFT_RIGHT_DOWN_DOWNRIGHT" />
		<property name="group" value="WATER" />
	</cell_type>
	<cell_type>
		<property name="name" value="WATER_UPLEFT_UP_UPRIGHT_LEFT_RIGHT_DOWNLEFT_DOWN_DOWNRIGHT" />
		<property name="group" value="WATER" />
	</cell_type>
	<cell_type>
		<property name="name" value="WATER_UPLEFT_UP_UPRIGHT_LEFT_RIGHT_DOWNLEFT_DOWN" />
		<property name="group" value="WATER" />
	</cell_type>
	<cell_type>
		<property name="name" value="WATER_UPLEFT_UP_UPRIGHT_LEFT_RIGHT" />
		<property name="group" value="WATER" />
	</cell_type>
	<cell_type>
		<property name="name" value="WATER_UPLEFT_UP_UPRIGHT_RIGHT_DOWNRIGHT" />
		<property name="group" value="WATER" />
	</cell_type>
	<cell_type>
		<property name="name" value="WATER_UPLEFT_UP_UPRIGHT_RIGHT" />
		<property name="group" value="WATER" />
	</cell_type>
	<cell_type>
		<property name="name" value="WATER_UPRIGHT_RIGHT_DOWN_DOWNRIGHT" />
		<property name="group" value="WATER" />
	</cell_type>
	<cell_type>
		<property name="name" value="WATER_UPRIGHT_RIGHT_DOWNLEFT_DOWN_DOWNRIGHT" />
		<property name="group" value="WATER" />
	</cell_type>
</cell_types>
