{
	"default_cell_type":
	{
		"isStatic": true,
		"baseDifficulte": 1,
		"earn": 0,
		"defense": 0,
		"isCapture": false,
		"isDestroying": false,
		"isHeal": false,
		"buyUnits": [ ]
	},
	"cell_types_groups":
	[
		{
			"name": "DEFAULT",
			"default_cell_type": { },
			"cell_types":
			[
				{
					"name": "MOUNT",
					"baseDifficulte": 3,
					"defense": 15
				},
				{
					"name": "HILL",
					"baseDifficulte": 2,
					"defense": 10
				},
				{
					"name": "TWO_TREES",
					"baseDifficulte": 2,
					"defense": 10
				},
				{
					"name": "THREE_TREES",
					"baseDifficulte": 2,
					"defense": 10
				},
				{
					"name": "PLAIN",
					"defense": 5
				},
				{
					"name": "CITADEL_LEFT",
					"defense": 10
				},
				{
					"name": "CITADEL_RIGHT",
					"defense": 10
				},
				{
					"name": "CITADEL_UP",
					"defense": 10
				}
			]
		},
		{
			"name": "BUILDINGS",
			"default_cell_type":
			{
				"defense": 15,
				"isStatic": false,
				"isCapture": true,
				"isHeal": true
			},
			"cell_types":
			[
				{
					"name": "BUILDING",
					"earn": 30,
					"isDestroying": true
				},
				{
					"name": "CASTLE",
					"earn": 50,
					"buyUnits":
					[
						"SOLDIER",
						"ARCHER",
						"ELEMENTAL",
						"SORCERESS",
						"WISP",
						"DIRE_WOLF",
						"GOLEM",
						"CATAPULT",
						"DRAGON"
					]
				}
			]
		},
		{
			"name": "HEALTH",
			"default_cell_type":
			{
				"defense": 15,
				"isHeal": true
			},
			"cell_types":
			[
				{
					"name": "CAMP"
				},
				{
					"name": "TEMPLE"
				},
				{
					"name": "CITADEL"
				}
			]
		},
		{
			"name": "WAY",
			"default_cell_type": { },
			"cell_types":
			[
				{ "name": "WAY_DOWN_UP" },
				{ "name": "WAY_LEFT_DOWN" },
				{ "name": "WAY_LEFT_RIGHT" },
				{ "name": "WAY_LEFT_RIGHT_DOWN_UP" },
				{ "name": "WAY_LEFT_UP" },
				{ "name": "WAY_RIGHT_DOWN" },
				{ "name": "WAY_RIGHT_UP" }
			]
		},
		{
			"name": "WATER_WAY",
			"default_cell_type":
			{
				"defense": 5
			},
			"cell_types":
			[
				{ "name": "WATER_WAY_HORIZONTAL" },
				{ "name": "WATER_WAY_VERTICAL" }
			]
		},
		{
			"name": "WATER",
			"default_cell_type":
			{
				"baseDifficulte": 3
			},
			"cell_types":
			[
				{ "name": "WATER_LEFT_DOWNLEFT_DOWN_DOWNRIGHT" },
				{ "name": "WATER_LEFT_DOWNLEFT_DOWN" },
				{ "name": "WATER_LEFT_RIGHT_DOWNLEFT_DOWN_DOWNRIGHT" },
				{ "name": "WATER_RIGHT_DOWN_DOWNRIGHT" },
				{ "name": "WATER_RIGHT_DOWNLEFT_DOWN_DOWNRIGHT" },
				{ "name": "WATER_UP_UPRIGHT_LEFT_RIGHT_DOWNLEFT_DOWN_DOWNRIGHT" },
				{ "name": "WATER_UP_UPRIGHT_RIGHT_DOWN_DOWNRIGHT" },
				{ "name": "WATER_UP_UPRIGHT_RIGHT_DOWNRIGHT" },
				{ "name": "WATER_UP_UPRIGHT_RIGHT" },
				{ "name": "WATER_UPLEFT_LEFT_DOWNLEFT_DOWN_DOWNRIGHT" },
				{ "name": "WATER_UPLEFT_LEFT_DOWNLEFT_DOWN" },
				{ "name": "WATER_UPLEFT_UP_LEFT_DOWNLEFT_DOWN" },
				{ "name": "WATER_UPLEFT_UP_LEFT_DOWNLEFT" },
				{ "name": "WATER_UPLEFT_UP_LEFT" },
				{ "name": "WATER_UPLEFT_UP_LEFT_RIGHT_DOWNLEFT_DOWN_DOWNRIGHT" },
				{ "name": "WATER_UPLEFT_UP_UPRIGHT_LEFT_DOWNLEFT" },
				{ "name": "WATER_UPLEFT_UP_UPRIGHT_LEFT" },
				{ "name": "WATER_UPLEFT_UP_UPRIGHT_LEFT_RIGHT_DOWN_DOWNRIGHT" },
				{ "name": "WATER_UPLEFT_UP_UPRIGHT_LEFT_RIGHT_DOWNLEFT_DOWN_DOWNRIGHT" },
				{ "name": "WATER_UPLEFT_UP_UPRIGHT_LEFT_RIGHT_DOWNLEFT_DOWN_DOWNRIGHT_SPARKS" },
				{ "name": "WATER_UPLEFT_UP_UPRIGHT_LEFT_RIGHT_DOWNLEFT_DOWN" },
				{ "name": "WATER_UPLEFT_UP_UPRIGHT_LEFT_RIGHT" },
				{ "name": "WATER_UPLEFT_UP_UPRIGHT_RIGHT_DOWNRIGHT" },
				{ "name": "WATER_UPLEFT_UP_UPRIGHT_RIGHT" },
				{ "name": "WATER_UPRIGHT_RIGHT_DOWN_DOWNRIGHT" },
				{ "name": "WATER_UPRIGHT_RIGHT_DOWNLEFT_DOWN_DOWNRIGHT" }
			]
		}
	]
}
