{
	"range_types":
	[
		{
			"name": "EMPTY",
			"table":
			[
				""
			]
		},
		{
			"name": "DEFAULT",
			"table":
			[
				"010",
				"101",
				"010"
			]
		},
		{
			"name": "ARCHER",
			"table":
			[
				"00100",
				"01110",
				"11011",
				"01110",
				"00100"
			]
		},
		{
			"name": "CATAPULT",
			"table":
			[
				"000010000",
				"000111000",
				"001111100",
				"011101110",
				"111000111",
				"011101110",
				"001111100",
				"000111000",
				"000010000"
			]
		}
	]
}