<?xml version="1.0" encoding="UTF-8"?>

<unit_types>
	<default_unit_type name="DEFAULT" baseHealth="1.0F" baseMaxWay="4"
		amountCaptureTypes="0" amountRepairTypes="0" attackType="DEFAULT" isOnlyOne="false" cost="0" />
	<unit_type name="SOLDIER" amountCaptureTypes="2" captureType0="BUILDING" captureType1="CASTLE"
		amountRepairTypes="1" repairType0="BUILDING" cost="150" />
	<unit_type name="ARCHER" attackType="ARCHER" cost="250" />
	<unit_type name="ELEMENTAL" attackType="DEFAULT" cost="300" />
	<unit_type name="SORCERESS" attackType="DEFAULT" cost="400" />
	<unit_type name="WISP" attackType="DEFAULT" baseMaxWay="3" cost="500" />
	<unit_type name="DIRE_WOLF" attackType="DEFAULT" baseMaxWay="5" cost="600" />
	<unit_type name="GOLEM" attackType="DEFAULT" cost="600" />
	<unit_type name="CATAPULT" attackType="CATAPULT" baseMaxWay="4" cost="700" />
	<unit_type name="DRAGON" attackType="DEFAULT" baseMaxWay="6" cost="1000" />
</unit_types>
