<?xml version="1.0" encoding="UTF-8"?>

<unit_types>
	<default_unit_type name="DEFAULT" baseHealth="1.0F" baseMaxWay="4"
		amountCaptureTypes="0" amountRepairTypes="0" attackType="DEFAULT" isOnlyOne="false" />
	<unit_type name="SOLDIER" amountCaptureTypes="1" captureType0="BUILDING"
		amountRepairTypes="1" repairType0="BUILDING" />
	<unit_type name="ARCHER" attackType="ARCHER" />
	<unit_type name="ELEMENTAL" attackType="DEFAULT" />
	<unit_type name="SORCERESS" attackType="DEFAULT" />
	<unit_type name="WISP" attackType="DEFAULT" baseMaxWay="3" />
	<unit_type name="DIRE_WOLF" attackType="DEFAULT" baseMaxWay="5" />
	<unit_type name="GOLEM" attackType="DEFAULT" />
	<unit_type name="CATAPULT" attackType="CATAPULT" baseMaxWay="4" />
	<unit_type name="DRAGON" attackType="DEFAULT" baseMaxWay="6" />
</unit_types>
