{
	"all_unit_types":
	[
		"KING",
		"SOLDIER",
		"ARCHER",
		"ELEMENTAL",
		"SORCERESS",
		"WISP",
		"DIRE_WOLF",
		"GOLEM",
		"CATAPULT",
		"DRAGON",
		"SKELETON",
		"CRYSTAL"
	],
	"default_unit_type":
	{
		"name": "DEFAULT",
		"baseHealth": 100,
		"attackMin": 50,
		"attackMax": 55,
		"defence": 5,
		"moveRange": 4,
		"captureTypes": [ ],
		"repairTypes": [ ],
		"attackType": "DEFAULT",
		"attackTypeReverse": "DEFAULT",
		"sorceressRangeType": "EMPTY",
		"sorceressRaiseType": "SKELETON",
		"isOnlyOne": false,
		"cost": 0,
		"isFly": false,
		"canDoTwoActionAfterOne": true,
		"bonusOnCellWay": [ ],
		"bonusOnCellAttack": [ ],
		"bonusOnCellDefence": [ ],
		"bonusForUnitAttack": [ ]
	},
	"unit_types":
	[
		{
			"name": "KING",
			"attackMin": 55,
			"attackMax": 65,
			"defence": 20,
			"captureTypes": [ "BUILDING", "CASTLE" ],
			"repairTypes": [ "BUILDING" ],
			"isOnlyOne": true,
			"cost": 400
		},
		{
			"name": "SOLDIER",
			"captureTypes": [ "BUILDING", "CASTLE" ],
			"repairTypes": [ "BUILDING" ],
			"cost": 150
		},
		{
			"name": "ARCHER",
			"attackType": "ARCHER",
			"cost": 250,
			"bonusForUnitAttack": [ { "DRAGON": 15 } ]
		},
		{
			"name": "ELEMENTAL",
			"defence": 10,
			"attackType": "DEFAULT",
			"cost": 300,
			"bonusOnCellWay": [ { "WATER": -2 } ],
			"bonusOnCellAttack": [ { "WATER": 10 } ],
			"bonusOnCellDefence": [ { "WATER": 15 } ]
		},
		{
			"name": "SORCERESS",
			"attackMin": 40,
			"attackMax": 45,
			"attackType": "DEFAULT",
			"sorceressRangeType": "DEFAULT",
			"cost": 400
		},
		{
			"name": "WISP",
			"attackMin": 35,
			"attackMax": 4,
			"defence": 10,
			"attackType": "DEFAULT",
			"cost": 500
		},
		{
			"name": "DIRE_WOLF",
			"attackMin": 60,
			"attackMax": 65,
			"defence": 15,
			"moveRange": 5,
			"attackType": "DEFAULT",
			"cost": 600
		},
		{
			"name": "GOLEM",
			"attackMin": 60,
			"attackMax": 70,
			"defence": 30,
			"attackType": "DEFAULT",
			"cost": 600
		},
		{
			"name": "CATAPULT",
			"attackMin": 50,
			"attackMax": 70,
			"defence": 10,
			"moveRange": 3,
			"attackType": "CATAPULT",
			"attackTypeReverse": "EMPTY",
			"cost": 700,
			"canDoTwoActionAfterOne": false
		},
		{
			"name": "DRAGON",
			"attackMin": 70,
			"attackMax": 80,
			"defence": 25,
			"moveRange": 6,
			"attackType": "DEFAULT",
			"cost": 1000,
			"isFly": true
		},
		{
			"name": "SKELETON",
			"attackMin": 40,
			"attackMax": 50,
			"defence": 2,
			"attackType": "DEFAULT",
			"moveRange": 4,
			"cost": 0
		},
		{
			"name": "CRYSTAL",
			"attackMin": 0,
			"attackMax": 0,
			"defence": 15,
			"attackType": "EMPTY",
			"moveRange": 3,
			"cost": 0
		}
	]
}
