{
	"default_unit_type":
	{
		"name": "DEFAULT",
		"baseHealth": 100,
		"baseAttackMin": 50,
		"baseAttackMax": 55,
		"baseDefence": 5,
		"baseMaxWay": 4,
		"captureTypes": [ ],
		"repairTypes": [ ],
		"attackType": "DEFAULT",
		"isOnlyOne": false,
		"cost": 0,
		"isFly": false,
		"bonusOnCellWay": [ ],
		"bonusOnCellAttack": [ ],
		"bonusOnCellDefence": [ ]
	},
	"unit_types":
	[
		{
			"name": "SOLDIER",
			"captureTypes": [ "BUILDING", "CASTLE" ],
			"repairTypes": [ "BUILDING" ],
			"cost": 150
		},
		{
			"name": "ARCHER",
			"attackType": "ARCHER",
			"cost": 250
		},
		{
			"name": "ELEMENTAL",
			"baseDefence": 10,
			"attackType": "DEFAULT",
			"cost": 300,
			"bonusOnCellWay": [ { "type": "WATER", "value": -2 } ],
			"bonusOnCellAttack": [ { "type": "WATER", "value": 10 } ],
			"bonusOnCellDefence": [ { "type": "WATER", "value": 10 } ]
		},
		{
			"name": "SORCERESS",
			"baseAttackMin": 40,
			"baseAttackMax": 45,
			"attackType": "DEFAULT",
			"cost": 400
		},
		{
			"name": "WISP",
			"baseAttackMin": 35,
			"baseAttackMax": 4,
			"baseDefence": 10,
			"attackType": "DEFAULT",
			"cost": 500
		},
		{
			"name": "DIRE_WOLF",
			"baseAttackMin": 60,
			"baseAttackMax": 65,
			"baseDefence": 15,
			"attackType": "DEFAULT",
			"baseMaxWay": 5,
			"cost": 600
		},
		{
			"name": "GOLEM",
			"baseAttackMin": 60,
			"baseAttackMax": 70,
			"baseDefence": 30,
			"attackType": "DEFAULT",
			"cost": 600
		},
		{
			"name": "CATAPULT",
			"baseAttackMin": 50,
			"baseAttackMax": 70,
			"baseDefence": 10,
			"attackType": "CATAPULT",
			"baseMaxWay": 3,
			"cost": 700
		},
		{
			"name": "DRAGON",
			"baseAttackMin": 70,
			"baseAttackMax": 80,
			"baseDefence": 25,
			"attackType": "DEFAULT",
			"baseMaxWay": 6,
			"cost": 1000,
			"isFly": true
		}
	]
}