<?xml version="1.0" encoding="UTF-8"?>

<unit_types>
	<default_unit_type name="DEFAULT" baseHealth="1.0F" baseAttackMin="50"
		baseAttackMax="55" baseDefence="5" baseMaxWay="4" amountCaptureTypes="0" amountRepairTypes="0"
		attackType="DEFAULT" isOnlyOne="false" cost="0" />
	<unit_type name="SOLDIER" amountCaptureTypes="2" captureType0="BUILDING" captureType1="CASTLE"
		amountRepairTypes="1" repairType0="BUILDING" cost="150" />
	<unit_type name="ARCHER" attackType="ARCHER" cost="250" />
	<unit_type name="ELEMENTAL" baseDefence="10" attackType="DEFAULT" cost="300" />
	<unit_type name="SORCERESS" baseAttackMin="40" baseAttackMax="45" attackType="DEFAULT"
		cost="400" />
	<unit_type name="WISP" baseAttackMin="35" baseAttackMax="40" baseDefence="10" attackType="DEFAULT"
		cost="500" />
	<unit_type name="DIRE_WOLF" baseAttackMin="60" baseAttackMax="65" baseDefence="15"
		attackType="DEFAULT" baseMaxWay="5" cost="600" />
	<unit_type name="GOLEM" baseAttackMin="60" baseAttackMax="70" baseDefence="30"
		attackType="DEFAULT" cost="600" />
	<unit_type name="CATAPULT" baseAttackMin="50" baseAttackMax="70" baseDefence="10"
		attackType="CATAPULT" baseMaxWay="3" cost="700" />
	<unit_type name="DRAGON" baseAttackMin="70" baseAttackMax="80" baseDefence="25"
		attackType="DEFAULT" baseMaxWay="6" cost="1000" />
</unit_types>
