{"scripts":[{"type":"SET_NAMED_UNIT","begin_conditions":[],"i":-5,"j":11,"name":"king"},{"type":"SET_NAMED_UNIT","begin_conditions":[],"i":-7,"j":11,"name":"crystall"},{"type":"BLACK_SCREEN","begin_conditions":[]},{"type":"HIDE_CURSOR","begin_conditions":[]},{"type":"HIDE_INFO_BAR","begin_conditions":[]},{"type":"DISABLE_ACTIVE_GAME","begin_conditions":[]},{"type":"TITLE","begin_conditions":[],"text":"title"},{"type":"HIDE_BLACK_SCREEN","begin_conditions":[{"type":"SCRIPT","index":6}]},{"type":"SET_UNIT_SPEED","begin_conditions":[{"type":"SCRIPT","index":6}],"framesForCell":12},{"type":"UNIT_MOVE","begin_conditions":[{"type":"SCRIPT","index":6}],"iStart":-3,"jStart":11,"iEnd":2,"jEnd":11},{"type":"UNIT_MOVE","begin_conditions":[{"type":"SCRIPT","index":6}],"iStart":-5,"jStart":10,"iEnd":1,"jEnd":10},{"type":"UNIT_MOVE","begin_conditions":[{"type":"SCRIPT","index":6}],"iStart":-5,"jStart":11,"iEnd":1,"jEnd":11},{"type":"UNIT_MOVE","begin_conditions":[{"type":"SCRIPT","index":6}],"iStart":-5,"jStart":12,"iEnd":1,"jEnd":12},{"type":"UNIT_MOVE","begin_conditions":[{"type":"SCRIPT","index":6}],"iStart":-7,"jStart":11,"iEnd":0,"jEnd":11},{"type":"UNIT_MOVE","begin_conditions":[{"type":"SCRIPT","index":6}],"iStart":-7,"jStart":12,"iEnd":0,"jEnd":12},{"type":"DELAY","begin_conditions":[{"type":"SCRIPT","index":14}],"milliseconds":333},{"type":"DIALOG","begin_conditions":[{"type":"SCRIPT","index":15}],"text":"dialog.0","image":"../images/portrait/5.png","align":"LEFT"},{"type":"DIALOG","begin_conditions":[{"type":"SCRIPT","index":16}],"text":"dialog.1","image":"../images/portrait/0.png","align":"LEFT"},{"type":"SHOW_TARGET","begin_conditions":[{"type":"SCRIPT","index":17}],"text_title":"targetTitle","text_target":"target"},{"type":"SHOW_CURSOR","begin_conditions":[{"type":"SCRIPT","index":18}]},{"type":"SHOW_INFO_BAR","begin_conditions":[{"type":"SCRIPT","index":18}]},{"type":"ENABLE_ACTIVE_GAME","begin_conditions":[{"type":"SCRIPT","index":18}]},{"type":"SET_UNIT_SPEED","begin_conditions":[{"type":"SCRIPT","index":18}],"framesForCell":8},{"type":"SET_CAMERA_SPEED","begin_conditions":[{"type":"SCRIPT","index":18}],"delta":6},{"type":"DISABLE_ACTIVE_GAME","begin_conditions":[{"type":"UNIT_INTO_BOUNDS","bounds":[{"iMin":0,"jMin":0,"iMax":11,"jMax":8}],"player":0},{"type":"SCRIPT","index":23}]},{"type":"HIDE_CURSOR","begin_conditions":[{"type":"SCRIPT","index":24}]},{"type":"DELAY","begin_conditions":[{"type":"SCRIPT","index":24}],"milliseconds":333},{"type":"CAMERA_MOVE","begin_conditions":[{"type":"SCRIPT","index":26}],"iEnd":4,"jEnd":4},{"type":"UNIT_CREATE","begin_conditions":[{"type":"SCRIPT","index":27}],"i":4,"j":4,"unitType":"SKELETON","player":1},{"type":"UNIT_MOVE","begin_conditions":[{"type":"SCRIPT","index":27}],"iStart":4,"jStart":4,"iEnd":1,"jEnd":4},{"type":"UNIT_CREATE","begin_conditions":[{"type":"SCRIPT","index":29}],"i":4,"j":4,"unitType":"ARCHER","player":1},{"type":"UNIT_MOVE_EXTENDED","begin_conditions":[{"type":"SCRIPT","index":29}],"keyPoints":[{"i":4,"j":4},{"i":4,"j":5},{"i":2,"j":5}]},{"type":"UNIT_CREATE","begin_conditions":[{"type":"SCRIPT","index":31}],"i":4,"j":4,"unitType":"SKELETON","player":1},{"type":"UNIT_MOVE","begin_conditions":[{"type":"SCRIPT","index":31}],"iStart":4,"jStart":4,"iEnd":3,"jEnd":4},{"type":"DIALOG","begin_conditions":[{"type":"SCRIPT","index":33}],"text":"dialog.2","image":"../images/portrait/5.png","align":"LEFT"},{"type":"CAMERA_MOVE_ON_KING","begin_conditions":[{"type":"SCRIPT","index":34}],"player":0},{"type":"SHOW_CURSOR","begin_conditions":[{"type":"SCRIPT","index":35}]},{"type":"ENABLE_ACTIVE_GAME","begin_conditions":[{"type":"SCRIPT","index":35}]},{"type":"DISABLE_ACTIVE_GAME","begin_conditions":[{"type":"UNIT_INTO_BOUNDS","bounds":[{"iMin":7,"jMin":0,"iMax":11,"jMax":19}],"player":0},{"type":"SCRIPT","index":37}]},{"type":"HIDE_CURSOR","begin_conditions":[{"type":"SCRIPT","index":38}]},{"type":"CAMERA_MOVE","begin_conditions":[{"type":"SCRIPT","index":38}],"iEnd":10,"jEnd":6},{"type":"UNIT_CREATE","begin_conditions":[{"type":"SCRIPT","index":40}],"i":10,"j":6,"unitType":"ARCHER","player":1},{"type":"UNIT_MOVE_ABOUT","begin_conditions":[{"type":"SCRIPT","index":40}],"iStart":10,"jStart":6,"iEnd":10,"jEnd":5},{"type":"UNIT_CREATE","begin_conditions":[{"type":"SCRIPT","index":42}],"i":10,"j":6,"unitType":"DIRE_WOLF","player":1},{"type":"UNIT_MOVE_ABOUT","begin_conditions":[{"type":"SCRIPT","index":42}],"iStart":10,"jStart":6,"iEnd":8,"jEnd":7},{"type":"UNIT_CREATE","begin_conditions":[{"type":"SCRIPT","index":44}],"i":10,"j":6,"unitType":"DIRE_WOLF","player":1},{"type":"UNIT_MOVE_ABOUT","begin_conditions":[{"type":"SCRIPT","index":44}],"iStart":10,"jStart":6,"iEnd":9,"jEnd":7},{"type":"ENABLE_ACTIVE_GAME","begin_conditions":[{"type":"SCRIPT","index":46}]},{"type":"DISABLE_ACTIVE_GAME","begin_conditions":[{"type":"UNIT_INTO_BOUNDS","bounds":[{"iMin":6,"jMin":8,"iMax":11,"jMax":19}],"player":0},{"type":"SCRIPT","index":47}]},{"type":"HIDE_CURSOR","begin_conditions":[{"type":"SCRIPT","index":48}]},{"type":"CAMERA_MOVE","begin_conditions":[{"type":"SCRIPT","index":48}],"iEnd":5,"jEnd":12},{"type":"UNIT_CREATE","begin_conditions":[{"type":"SCRIPT","index":50}],"i":5,"j":12,"unitType":"DIRE_WOLF","player":1},{"type":"UNIT_MOVE_ABOUT","begin_conditions":[{"type":"SCRIPT","index":50}],"iStart":5,"jStart":12,"iEnd":7,"jEnd":12},{"type":"UNIT_CREATE","begin_conditions":[{"type":"SCRIPT","index":52}],"i":5,"j":12,"unitType":"GOLEM","player":1},{"type":"UNIT_MOVE_ABOUT","begin_conditions":[{"type":"SCRIPT","index":52}],"iStart":5,"jStart":12,"iEnd":6,"jEnd":12},{"type":"UNIT_CREATE","begin_conditions":[{"type":"SCRIPT","index":54}],"i":5,"j":12,"unitType":"DIRE_WOLF","player":1},{"type":"UNIT_MOVE_ABOUT","begin_conditions":[{"type":"SCRIPT","index":54}],"iStart":5,"jStart":12,"iEnd":5,"jEnd":11},{"type":"ENABLE_ACTIVE_GAME","begin_conditions":[{"type":"SCRIPT","index":56}]},{"type":"SHOW_CURSOR","begin_conditions":[{"type":"SCRIPT","index":56}]},{"type":"DISABLE_ACTIVE_GAME","begin_conditions":[{"type":"UNIT_INTO_BOUNDS","bounds":[{"iMin":8,"jMin":15,"iMax":11,"jMax":19}],"player":0},{"type":"SCRIPT","index":58}]},{"type":"HIDE_CURSOR","begin_conditions":[{"type":"SCRIPT","index":59}]},{"type":"CAMERA_MOVE","begin_conditions":[{"type":"SCRIPT","index":59}],"iEnd":8,"jEnd":18},{"type":"UNIT_CREATE","begin_conditions":[{"type":"SCRIPT","index":61}],"i":8,"j":18,"unitType":"DIRE_WOLF","player":1},{"type":"UNIT_MOVE_ABOUT","begin_conditions":[{"type":"SCRIPT","index":61}],"iStart":8,"jStart":18,"iEnd":10,"jEnd":16},{"type":"DELAY","begin_conditions":[{"type":"SCRIPT","index":61}],"milliseconds":666},{"type":"UNIT_CREATE","begin_conditions":[{"type":"SCRIPT","index":64}],"i":8,"j":18,"unitType":"GOLEM","player":1},{"type":"UNIT_MOVE_ABOUT","begin_conditions":[{"type":"SCRIPT","index":64}],"iStart":8,"jStart":18,"iEnd":10,"jEnd":17},{"type":"DELAY","begin_conditions":[{"type":"SCRIPT","index":64}],"milliseconds":666},{"type":"UNIT_CREATE","begin_conditions":[{"type":"SCRIPT","index":67}],"i":8,"j":18,"unitType":"DIRE_WOLF","player":1},{"type":"UNIT_MOVE_ABOUT","begin_conditions":[{"type":"SCRIPT","index":67}],"iStart":8,"jStart":18,"iEnd":10,"jEnd":18},{"type":"DELAY","begin_conditions":[{"type":"SCRIPT","index":67}],"milliseconds":666},{"type":"UNIT_CREATE","begin_conditions":[{"type":"SCRIPT","index":70}],"i":8,"j":18,"unitType":"ARCHER","player":1},{"type":"UNIT_MOVE_ABOUT","begin_conditions":[{"type":"SCRIPT","index":70}],"iStart":8,"jStart":18,"iEnd":9,"jEnd":18},{"type":"DELAY","begin_conditions":[{"type":"SCRIPT","index":70}],"milliseconds":666},{"type":"DIALOG","begin_conditions":[{"type":"SCRIPT","index":73}],"text":"dialog.3","image":"../images/portrait/0.png","align":"LEFT"},{"type":"ENABLE_ACTIVE_GAME","begin_conditions":[{"type":"SCRIPT","index":74}]},{"type":"SHOW_CURSOR","begin_conditions":[{"type":"SCRIPT","index":74}]},{"type":"DISABLE_ACTIVE_GAME","begin_conditions":[{"type":"CONDITION_OR","conditions":[{"type":"UNIT_AMOUNT","player":1,"comparator":0,"amount":0},{"type":"NAMED_UNIT_INTO_BOUNDS","bounds":[{"iMin":11,"jMin":15,"iMax":11,"jMax":19}],"name":"crystall"}]},{"type":"SCRIPT","index":76}]},{"type":"HIDE_CURSOR","begin_conditions":[{"type":"SCRIPT","index":77}]},{"type":"DELAY","begin_conditions":[{"type":"SCRIPT","index":77}],"milliseconds":666},{"type":"MISSION_COMPLETE","begin_conditions":[{"type":"SCRIPT","index":79}],"text":"missionComplete"},{"type":"CLOSE_MISSION","begin_conditions":[{"type":"SCRIPT","index":80}]},{"type":"GAME_OVER","begin_conditions":[{"type":"CONDITION_OR","conditions":[{"type":"NAMED_UNIT_DEAD","name":"king"},{"type":"NAMED_UNIT_DEAD","name":"crystall"}]}]}]}