{"name":"СЛУЖБА ЭСКОРТА","title":"Путь в Торин","target":"Доставить Кристалл на юг в город Торин. Король Галамар должен выжить.","targetTitle":"СЛУЖБА ЭСКОРТА","dialog.0":"Ваше Высочество, мне не нравится, как выглядит этот лес, мы должны быть осторожны!","dialog.1":"Очень хорошо, Капитан. Давайте проследуем этим путем и останемся под защитой нашей охраны.","dialog.2":"Засада! Защитите Кристалл любой ценой!","dialog.3":"Кажется, это последние из них...","missionComplete":"МИССИЯ ЗАВЕРШЕНА"}