{"cells":[{"i":0,"j":6},{"i":0,"j":12},{"i":1,"j":9,"isCapture":true,"player":0},{"i":3,"j":5},{"i":3,"j":9},{"i":3,"j":13},{"i":4,"j":2},{"i":4,"j":16},{"i":6,"j":1},{"i":6,"j":9,"isDestroying":true},{"i":6,"j":17},{"i":7,"j":2,"isCapture":true,"player":2},{"i":7,"j":7},{"i":7,"j":11},{"i":7,"j":16,"isCapture":true,"player":3},{"i":8,"j":9,"isDestroying":true},{"i":9,"j":3},{"i":9,"j":15},{"i":11,"j":5},{"i":11,"j":13},{"i":15,"j":9,"isCapture":true,"player":1},{"i":17,"j":6},{"i":17,"j":9},{"i":17,"j":12}]}