{"scripts":[{"type":"INTRO","begin_conditions":[],"text":"story.0","image":"../images/intro/2.png"},{"type":"TITLE","begin_conditions":[{"type":"SCRIPT","index":0}],"text":"title"},{"type":"DIALOG","begin_conditions":[{"type":"SCRIPT","index":1}],"text":"dialog.0","image":"../images/portrait/2.png","align":"LEFT"},{"type":"DIALOG","begin_conditions":[{"type":"SCRIPT","index":2}],"text":"dialog.1","image":"../images/portrait/2.png","align":"LEFT"},{"type":"DIALOG","begin_conditions":[{"type":"SCRIPT","index":3}],"text":"dialog.2","image":"../images/portrait/0.png","align":"LEFT"},{"type":"DIALOG","begin_conditions":[{"type":"SCRIPT","index":4}],"text":"dialog.3","image":"../images/portrait/5.png","align":"LEFT"},{"type":"SHOW_TARGET","begin_conditions":[{"type":"SCRIPT","index":5}],"text_title":"targetTitle","text_target":"target"}]}