{"scripts":[{"type":"BLACK_SCREEN","begin_conditions":[]},{"type":"HIDE_CURSOR","begin_conditions":[]},{"type":"HIDE_INFO_BAR","begin_conditions":[]},{"type":"DISABLE_ACTIVE_GAME","begin_conditions":[]},{"type":"INTRO","begin_conditions":[],"text":"intro.0","image":"../images/intro/2.png"},{"type":"TITLE","begin_conditions":[{"type":"SCRIPT","index":4}],"text":"title"},{"type":"DELAY","begin_conditions":[{"type":"SCRIPT","index":5}],"milliseconds":666},{"type":"HIDE_BLACK_SCREEN","begin_conditions":[{"type":"SCRIPT","index":6}]},{"type":"UNIT_MOVE","begin_conditions":[{"type":"SCRIPT","index":6}],"iStart":8,"jStart":0,"iEnd":8,"jEnd":3},{"type":"UNIT_MOVE","begin_conditions":[{"type":"SCRIPT","index":6}],"iStart":9,"jStart":1,"iEnd":9,"jEnd":4},{"type":"UNIT_MOVE","begin_conditions":[{"type":"SCRIPT","index":6}],"iStart":10,"jStart":0,"iEnd":10,"jEnd":3},{"type":"CAMERA_MOVE","begin_conditions":[{"type":"SCRIPT","index":6}],"iEnd":9,"jEnd":5},{"type":"SHOW_CURSOR","begin_conditions":[{"type":"SCRIPT","index":11}]},{"type":"CAMERA_MOVE","begin_conditions":[{"type":"SCRIPT","index":11}],"iEnd":3,"jEnd":9},{"type":"DELAY","begin_conditions":[{"type":"SCRIPT","index":13}],"milliseconds":666},{"type":"DIALOG","begin_conditions":[{"type":"SCRIPT","index":14}],"text":"dialog.0","image":"../images/portrait/2.png","align":"LEFT"},{"type":"DELAY","begin_conditions":[{"type":"SCRIPT","index":15}],"milliseconds":666},{"type":"UNIT_ATTACK","begin_conditions":[{"type":"SCRIPT","index":16}],"i":3,"j":9},{"type":"DIALOG","begin_conditions":[{"type":"SCRIPT","index":17}],"text":"dialog.1","image":"../images/portrait/2.png","align":"LEFT"},{"type":"UNIT_DIE","begin_conditions":[{"type":"SCRIPT","index":18}],"i":3,"j":9},{"type":"DELAY","begin_conditions":[{"type":"SCRIPT","index":19}],"milliseconds":666},{"type":"HIDE_CURSOR","begin_conditions":[{"type":"SCRIPT","index":20}]},{"type":"CAMERA_MOVE_ON_KING","begin_conditions":[{"type":"SCRIPT","index":20}],"player":0},{"type":"DELAY","begin_conditions":[{"type":"SCRIPT","index":22}],"milliseconds":666},{"type":"DIALOG","begin_conditions":[{"type":"SCRIPT","index":23}],"text":"dialog.2","image":"../images/portrait/0.png","align":"LEFT"},{"type":"DELAY","begin_conditions":[{"type":"SCRIPT","index":24}],"milliseconds":333},{"type":"DIALOG","begin_conditions":[{"type":"SCRIPT","index":25}],"text":"dialog.3","image":"../images/portrait/5.png","align":"LEFT"},{"type":"SHOW_TARGET","begin_conditions":[{"type":"SCRIPT","index":26}],"text_title":"targetTitle","text_target":"target"},{"type":"SHOW_CURSOR","begin_conditions":[{"type":"SCRIPT","index":27}]},{"type":"SHOW_INFO_BAR","begin_conditions":[{"type":"SCRIPT","index":27}]},{"type":"ENABLE_ACTIVE_GAME","begin_conditions":[{"type":"SCRIPT","index":27}]},{"type":"DISABLE_ACTIVE_GAME","begin_conditions":[{"type":"UNIT_AMOUNT","player":1,"comparator":0,"amount":0}]},{"type":"DELAY","begin_conditions":[{"type":"SCRIPT","index":31}],"milliseconds":1333},{"type":"CAMERA_MOVE","begin_conditions":[{"type":"SCRIPT","index":32}],"iEnd":1,"jEnd":1},{"type":"UNIT_CREATE","begin_conditions":[{"type":"SCRIPT","index":33}],"i":1,"j":1,"unitType":"ARCHER","player":1},{"type":"UNIT_MOVE_ABOUT","begin_conditions":[{"type":"SCRIPT","index":33}],"iStart":1,"jStart":1,"iEnd":2,"jEnd":1},{"type":"CAMERA_MOVE","begin_conditions":[{"type":"SCRIPT","index":35}],"iEnd":10,"jEnd":10},{"type":"UNIT_CREATE","begin_conditions":[{"type":"SCRIPT","index":36}],"i":10,"j":10,"unitType":"SOLDIER","player":1},{"type":"UNIT_MOVE_ABOUT","begin_conditions":[{"type":"SCRIPT","index":36}],"iStart":10,"jStart":10,"iEnd":9,"jEnd":10},{"type":"CAMERA_MOVE_ON_KING","begin_conditions":[{"type":"SCRIPT","index":38}],"player":0},{"type":"DIALOG","begin_conditions":[{"type":"SCRIPT","index":39}],"text":"dialog.4","image":"../images/portrait/5.png","align":"LEFT"},{"type":"DELAY","begin_conditions":[{"type":"SCRIPT","index":40}],"milliseconds":333},{"type":"DIALOG","begin_conditions":[{"type":"SCRIPT","index":41}],"text":"dialog.5","image":"../images/portrait/0.png","align":"LEFT"},{"type":"ENABLE_ACTIVE_GAME","begin_conditions":[{"type":"SCRIPT","index":42}]},{"type":"DISABLE_ACTIVE_GAME","begin_conditions":[{"type":"UNIT_AMOUNT","player":1,"comparator":0,"amount":0},{"type":"SCRIPT","index":43}]},{"type":"HIDE_CURSOR","begin_conditions":[{"type":"SCRIPT","index":44}]},{"type":"DELAY","begin_conditions":[{"type":"SCRIPT","index":45}],"milliseconds":2000},{"type":"SHOW_BLACK_SCREEN","begin_conditions":[{"type":"SCRIPT","index":46}]},{"type":"DIALOG","begin_conditions":[{"type":"SCRIPT","index":47}],"text":"dialog.6","image":"../images/portrait/2.png","align":"LEFT"},{"type":"DELAY","begin_conditions":[{"type":"SCRIPT","index":48}],"milliseconds":666},{"type":"DIALOG","begin_conditions":[{"type":"SCRIPT","index":49}],"text":"dialog.7","image":"../images/portrait/0.png","align":"LEFT"},{"type":"DELAY","begin_conditions":[{"type":"SCRIPT","index":50}],"milliseconds":333},{"type":"DIALOG","begin_conditions":[{"type":"SCRIPT","index":51}],"text":"dialog.8","image":"../images/portrait/2.png","align":"LEFT"},{"type":"DELAY","begin_conditions":[{"type":"SCRIPT","index":52}],"milliseconds":333},{"type":"DIALOG","begin_conditions":[{"type":"SCRIPT","index":53}],"text":"dialog.9","image":"../images/portrait/0.png","align":"LEFT"},{"type":"DELAY","begin_conditions":[{"type":"SCRIPT","index":54}],"milliseconds":1000},{"type":"MISSION_COMPLETE","begin_conditions":[{"type":"SCRIPT","index":55}],"text":"missionComplete"},{"type":"CLOSE_MISSION","begin_conditions":[{"type":"SCRIPT","index":56}]}]}