{"scripts":[{"type":"INTRO","begin_conditions":[],"text":"intro.0","image":"../images/intro/2.png"},{"type":"TITLE","begin_conditions":[{"type":"SCRIPT","index":0}],"text":"title"},{"type":"HIDE_CURSOR","begin_conditions":[{"type":"SCRIPT","index":1}]},{"type":"UNIT_MOVE","begin_conditions":[{"type":"SCRIPT","index":1}],"iStart":8,"jStart":0,"iEnd":8,"jEnd":3},{"type":"UNIT_MOVE","begin_conditions":[{"type":"SCRIPT","index":1}],"iStart":9,"jStart":1,"iEnd":9,"jEnd":4},{"type":"UNIT_MOVE","begin_conditions":[{"type":"SCRIPT","index":1}],"iStart":10,"jStart":0,"iEnd":10,"jEnd":3},{"type":"CAMERA_MOVE","begin_conditions":[{"type":"SCRIPT","index":1}],"iEnd":9,"jEnd":5},{"type":"CAMERA_MOVE","begin_conditions":[{"type":"SCRIPT","index":6}],"iEnd":3,"jEnd":9},{"type":"SHOW_CURSOR","begin_conditions":[{"type":"SCRIPT","index":7}]},{"type":"DELAY","begin_conditions":[{"type":"SCRIPT","index":8}],"milliseconds":333},{"type":"DIALOG","begin_conditions":[{"type":"SCRIPT","index":9}],"text":"dialog.0","image":"../images/portrait/2.png","align":"LEFT"},{"type":"DELAY","begin_conditions":[{"type":"SCRIPT","index":10}],"milliseconds":333},{"type":"UNIT_ATTACK","begin_conditions":[{"type":"SCRIPT","index":11}],"i":3,"j":9},{"type":"DIALOG","begin_conditions":[{"type":"SCRIPT","index":12}],"text":"dialog.1","image":"../images/portrait/2.png","align":"LEFT"},{"type":"UNIT_DIE","begin_conditions":[{"type":"SCRIPT","index":13}],"i":3,"j":9},{"type":"HIDE_CURSOR","begin_conditions":[{"type":"SCRIPT","index":14}]},{"type":"CAMERA_MOVE","begin_conditions":[{"type":"SCRIPT","index":15}],"iEnd":9,"jEnd":4},{"type":"DELAY","begin_conditions":[{"type":"SCRIPT","index":16}],"milliseconds":333},{"type":"DIALOG","begin_conditions":[{"type":"SCRIPT","index":17}],"text":"dialog.2","image":"../images/portrait/0.png","align":"LEFT"},{"type":"DIALOG","begin_conditions":[{"type":"SCRIPT","index":18}],"text":"dialog.3","image":"../images/portrait/5.png","align":"LEFT"},{"type":"SHOW_TARGET","begin_conditions":[{"type":"SCRIPT","index":19}],"text_title":"targetTitle","text_target":"target"},{"type":"SHOW_CURSOR","begin_conditions":[{"type":"SCRIPT","index":20}]}]}