{"scripts":[{"type":"SET_NAMED_UNIT","begin_conditions":[],"i":9,"j":1,"name":"king"},{"type":"BLACK_SCREEN","begin_conditions":[]},{"type":"HIDE_CURSOR","begin_conditions":[]},{"type":"HIDE_INFO_BAR","begin_conditions":[]},{"type":"DISABLE_ACTIVE_GAME","begin_conditions":[]},{"type":"SET_UNIT_SPEED","begin_conditions":[],"framesForCell":12},{"type":"SET_CAMERA_SPEED","begin_conditions":[],"delta":1},{"type":"INTRO","begin_conditions":[],"text":"intro.0","image":"../images/intro/2.png"},{"type":"TITLE","begin_conditions":[{"type":"SCRIPT","index":7}],"text":"title"},{"type":"DELAY","begin_conditions":[{"type":"SCRIPT","index":8}],"milliseconds":666},{"type":"HIDE_BLACK_SCREEN","begin_conditions":[{"type":"SCRIPT","index":9}]},{"type":"UNIT_MOVE","begin_conditions":[{"type":"SCRIPT","index":9}],"iStart":8,"jStart":0,"iEnd":8,"jEnd":3},{"type":"UNIT_MOVE","begin_conditions":[{"type":"SCRIPT","index":9}],"iStart":9,"jStart":1,"iEnd":9,"jEnd":4},{"type":"UNIT_MOVE","begin_conditions":[{"type":"SCRIPT","index":9}],"iStart":10,"jStart":0,"iEnd":10,"jEnd":3},{"type":"CAMERA_MOVE","begin_conditions":[{"type":"SCRIPT","index":9}],"iEnd":9,"jEnd":5},{"type":"SHOW_CURSOR","begin_conditions":[{"type":"SCRIPT","index":14}]},{"type":"CAMERA_MOVE","begin_conditions":[{"type":"SCRIPT","index":14}],"iEnd":3,"jEnd":9},{"type":"DELAY","begin_conditions":[{"type":"SCRIPT","index":16}],"milliseconds":666},{"type":"DIALOG","begin_conditions":[{"type":"SCRIPT","index":17}],"text":"dialog.0","image":"../images/portrait/2.png","align":"LEFT"},{"type":"DELAY","begin_conditions":[{"type":"SCRIPT","index":18}],"milliseconds":666},{"type":"UNIT_ATTACK","begin_conditions":[{"type":"SCRIPT","index":19}],"i":3,"j":9},{"type":"DIALOG","begin_conditions":[{"type":"SCRIPT","index":20}],"text":"dialog.1","image":"../images/portrait/2.png","align":"LEFT"},{"type":"UNIT_DIE","begin_conditions":[{"type":"SCRIPT","index":21}],"i":3,"j":9},{"type":"DELAY","begin_conditions":[{"type":"SCRIPT","index":22}],"milliseconds":666},{"type":"HIDE_CURSOR","begin_conditions":[{"type":"SCRIPT","index":23}]},{"type":"CAMERA_MOVE_ON_KING","begin_conditions":[{"type":"SCRIPT","index":23}],"player":0},{"type":"DELAY","begin_conditions":[{"type":"SCRIPT","index":25}],"milliseconds":666},{"type":"DIALOG","begin_conditions":[{"type":"SCRIPT","index":26}],"text":"dialog.2","image":"../images/portrait/0.png","align":"LEFT"},{"type":"DELAY","begin_conditions":[{"type":"SCRIPT","index":27}],"milliseconds":333},{"type":"DIALOG","begin_conditions":[{"type":"SCRIPT","index":28}],"text":"dialog.3","image":"../images/portrait/5.png","align":"LEFT"},{"type":"SHOW_TARGET","begin_conditions":[{"type":"SCRIPT","index":29}],"text_title":"targetTitle","text_target":"target"},{"type":"SHOW_CURSOR","begin_conditions":[{"type":"SCRIPT","index":30}]},{"type":"SHOW_INFO_BAR","begin_conditions":[{"type":"SCRIPT","index":30}]},{"type":"ENABLE_ACTIVE_GAME","begin_conditions":[{"type":"SCRIPT","index":30}]},{"type":"SET_UNIT_SPEED","begin_conditions":[{"type":"SCRIPT","index":30}],"framesForCell":8},{"type":"SET_CAMERA_SPEED","begin_conditions":[{"type":"SCRIPT","index":30}],"delta":6},{"type":"DISABLE_ACTIVE_GAME","begin_conditions":[{"type":"UNIT_AMOUNT","player":1,"comparator":0,"amount":0}]},{"type":"DELAY","begin_conditions":[{"type":"SCRIPT","index":36}],"milliseconds":1333},{"type":"CAMERA_MOVE","begin_conditions":[{"type":"SCRIPT","index":37}],"iEnd":1,"jEnd":1},{"type":"UNIT_CREATE","begin_conditions":[{"type":"SCRIPT","index":38}],"i":1,"j":1,"unitType":"ARCHER","player":1},{"type":"UNIT_MOVE_ABOUT","begin_conditions":[{"type":"SCRIPT","index":38}],"iStart":1,"jStart":1,"iEnd":2,"jEnd":1},{"type":"CAMERA_MOVE","begin_conditions":[{"type":"SCRIPT","index":40}],"iEnd":10,"jEnd":10},{"type":"UNIT_CREATE","begin_conditions":[{"type":"SCRIPT","index":41}],"i":10,"j":10,"unitType":"SOLDIER","player":1},{"type":"UNIT_MOVE_ABOUT","begin_conditions":[{"type":"SCRIPT","index":41}],"iStart":10,"jStart":10,"iEnd":9,"jEnd":10},{"type":"CAMERA_MOVE_ON_KING","begin_conditions":[{"type":"SCRIPT","index":43}],"player":0},{"type":"DIALOG","begin_conditions":[{"type":"SCRIPT","index":44}],"text":"dialog.4","image":"../images/portrait/5.png","align":"LEFT"},{"type":"DELAY","begin_conditions":[{"type":"SCRIPT","index":45}],"milliseconds":333},{"type":"DIALOG","begin_conditions":[{"type":"SCRIPT","index":46}],"text":"dialog.5","image":"../images/portrait/0.png","align":"LEFT"},{"type":"ENABLE_ACTIVE_GAME","begin_conditions":[{"type":"SCRIPT","index":47}]},{"type":"DISABLE_ACTIVE_GAME","begin_conditions":[{"type":"UNIT_AMOUNT","player":1,"comparator":0,"amount":0},{"type":"SCRIPT","index":48}]},{"type":"HIDE_CURSOR","begin_conditions":[{"type":"SCRIPT","index":49}]},{"type":"DELAY","begin_conditions":[{"type":"SCRIPT","index":50}],"milliseconds":2000},{"type":"SHOW_BLACK_SCREEN","begin_conditions":[{"type":"SCRIPT","index":51}]},{"type":"DIALOG","begin_conditions":[{"type":"SCRIPT","index":52}],"text":"dialog.6","image":"../images/portrait/2.png","align":"LEFT"},{"type":"DELAY","begin_conditions":[{"type":"SCRIPT","index":53}],"milliseconds":666},{"type":"DIALOG","begin_conditions":[{"type":"SCRIPT","index":54}],"text":"dialog.7","image":"../images/portrait/0.png","align":"LEFT"},{"type":"DELAY","begin_conditions":[{"type":"SCRIPT","index":55}],"milliseconds":333},{"type":"DIALOG","begin_conditions":[{"type":"SCRIPT","index":56}],"text":"dialog.8","image":"../images/portrait/2.png","align":"LEFT"},{"type":"DELAY","begin_conditions":[{"type":"SCRIPT","index":57}],"milliseconds":333},{"type":"DIALOG","begin_conditions":[{"type":"SCRIPT","index":58}],"text":"dialog.9","image":"../images/portrait/0.png","align":"LEFT"},{"type":"DELAY","begin_conditions":[{"type":"SCRIPT","index":59}],"milliseconds":1000},{"type":"MISSION_COMPLETE","begin_conditions":[{"type":"SCRIPT","index":60}],"text":"missionComplete"},{"type":"CLOSE_MISSION","begin_conditions":[{"type":"SCRIPT","index":61}]},{"type":"GAME_OVER","begin_conditions":[{"type":"CASTLE_AMOUNT","player":0,"comparator":0,"amount":0},{"type":"NAMED_UNIT_DEAD","name":"king"}]}]}