{
	"scripts":
	[
		{
			"begin_conditions": [ ],
			"type": "INTRO",
			"text": "story.0",
			"image": "../images/intro/2.png"
		},
		{
			"begin_conditions": [ { "type": "SCRIPT", "index": 0 } ],
			"type": "TITLE",
			"text": "title"
		},
		{
			"begin_conditions": [ { "type": "SCRIPT", "index": 0 } ],
			"type": "DIALOG",
			"text": "dialog.0",
			"image": "../images/portrait/2.png",
			"align": "LEFT"
		},
		{
			"begin_conditions": [ { "type": "SCRIPT", "index": 1 } ],
			"type": "DIALOG",
			"text": "dialog.1",
			"image": "../images/portrait/2.png",
			"align": "LEFT"
		},
		{
			"begin_conditions": [ { "type": "SCRIPT", "index": 2 } ],
			"type": "DIALOG",
			"text": "dialog.2",
			"image": "../images/portrait/0.png",
			"align": "LEFT"
		},
		{
			"begin_conditions": [ { "type": "SCRIPT", "index": 3 } ],
			"type": "DIALOG",
			"text": "dialog.3",
			"image": "../images/portrait/5.png",
			"align": "LEFT"
		},
		{
			"begin_conditions": [ { "type": "SCRIPT", "index": 4 } ],
			"type": "SHOW_TARGET",
			"text_title": "targetTitle",
			"text_target": "target"
		}
	]
}