{
	"scripts":
	[
		/*
		{
			"begin_conditions": [ ],
			"type": "STORY",
			"text": "",
			"image": "../images/intro/0.png",
			"end_conditions": [ { "type": "TAP" } ]
		},*/
		{
			"begin_conditions": [ { "type": "SCRIPT", "index": 0 } ],
			"type": "TITLE",
			"text": "",
			"end_conditions": [ ]
		},
		{
			"begin_conditions": [ { "type": "SCRIPT", "index": 1 } ],
			"type": "DIALOG",
			"text": "",
			"image": "../images/portrait/0.png",
			"align": "LEFT",
			"end_conditions": [ { "type": "TAP" } ]
		}
	]
}