{"name":"ХРАМОВЫЕ НАЛЕТЧИКИ","intro.0":"Посланник из Храма Отваги прибыл к воротам замка, с мольбой о поддержке Короля - Храм пал под натиском зверских атакующих, и должен быть защищен...","title":"Храм Отваги","target":"Остановить налетчиков, Король Галамар должен выжить.","targetTitle":"ХРАМОВЫЕ НАЛЕТЧИКИ","dialog.0":"Помогите! Нас атакуют! Эти скелеты-налетчики украли Кристалл Отваги, который мы поклялись защищать!","dialog.1":"Аааа... мы проиграли!","dialog.2":"Капитан, мы должны остановить эту угрозу немедленно!","dialog.3":"Вперед, войска! Заставим этих налетчиков заплатить!","dialog.4":"Еще атакующие!","dialog.5":"Там не налетчики! Они похожи на вражеские войска! Будьте осторожны, Капитан!","dialog.6":"Благодарю, ваше Величество, вы должны помочь нам возвратить Кристалл как можно быстрее. Такая важная реликвия не должна попасть в плохие руки!","dialog.7":"Я в вашем подчинении. Кто сможет проследить за Кристаллом?","dialog.8":"Боюсь, эти злоумышленники могут быть связаны с еще большим злом. Было бы умно посоветоваться с Высщим Священником из Храма Мудрости. Он может знать больше об этом.","dialog.9":"Я пошлю брата Валадорна немедленно. Я возьму свои войска и буду преследовать атакующих.","missionComplete":"МИССИЯ ЗАВЕРШЕНА"}