{"scripts":[{"type":"SET_NAMED_UNIT","begin_conditions":[],"i":11,"j":8,"name":"king"},{"type":"BLACK_SCREEN","begin_conditions":[]},{"type":"HIDE_INFO_BAR","begin_conditions":[]},{"type":"DISABLE_ACTIVE_GAME","begin_conditions":[]},{"type":"SET_UNIT_SPEED","begin_conditions":[],"framesForCell":12},{"type":"SET_CAMERA_SPEED","begin_conditions":[],"delta":1},{"type":"TITLE","begin_conditions":[],"text":"title"},{"type":"HIDE_BLACK_SCREEN","begin_conditions":[{"type":"SCRIPT","index":6}]},{"type":"UNIT_MOVE","begin_conditions":[{"type":"SCRIPT","index":6}],"iStart":12,"jStart":7,"iEnd":10,"jEnd":7},{"type":"UNIT_MOVE","begin_conditions":[{"type":"SCRIPT","index":6}],"iStart":11,"jStart":8,"iEnd":9,"jEnd":8},{"type":"UNIT_MOVE","begin_conditions":[{"type":"SCRIPT","index":6}],"iStart":12,"jStart":9,"iEnd":10,"jEnd":9},{"type":"CAMERA_MOVE","begin_conditions":[{"type":"SCRIPT","index":6}],"iEnd":3,"jEnd":7},{"type":"DELAY","begin_conditions":[{"type":"SCRIPT","index":11}],"milliseconds":666},{"type":"SET_CAMERA_SPEED","begin_conditions":[{"type":"SCRIPT","index":12}],"delta":2},{"type":"CAMERA_MOVE","begin_conditions":[{"type":"SCRIPT","index":12}],"iEnd":3,"jEnd":12},{"type":"DIALOG","begin_conditions":[{"type":"SCRIPT","index":14}],"text":"dialog.0","image":"../images/portrait/1.png","align":"LEFT"},{"type":"CAMERA_MOVE_ON_KING","begin_conditions":[{"type":"SCRIPT","index":15}],"player":0},{"type":"DIALOG","begin_conditions":[{"type":"SCRIPT","index":16}],"text":"dialog.1","image":"../images/portrait/3.png","align":"LEFT"},{"type":"CAMERA_MOVE","begin_conditions":[{"type":"SCRIPT","index":17}],"iEnd":3,"jEnd":7},{"type":"DIALOG","begin_conditions":[{"type":"SCRIPT","index":18}],"text":"dialog.2","image":"../images/portrait/5.png","align":"LEFT"},{"type":"SET_UNIT_SPEED","begin_conditions":[{"type":"SCRIPT","index":19}],"framesForCell":24},{"type":"UNIT_CREATE","begin_conditions":[{"type":"SCRIPT","index":19}],"i":3,"j":7,"unitType":"SOLDIER","player":1},{"type":"UNIT_MOVE","begin_conditions":[{"type":"SCRIPT","index":19}],"iStart":3,"jStart":7,"iEnd":3,"jEnd":6},{"type":"UNIT_CREATE","begin_conditions":[{"type":"SCRIPT","index":22}],"i":3,"j":7,"unitType":"CRYSTAL","player":1},{"type":"UNIT_MOVE","begin_conditions":[{"type":"SCRIPT","index":22}],"iStart":3,"jStart":6,"iEnd":-2,"jEnd":6},{"type":"UNIT_MOVE","begin_conditions":[{"type":"SCRIPT","index":22}],"iStart":3,"jStart":7,"iEnd":3,"jEnd":6},{"type":"UNIT_CREATE","begin_conditions":[{"type":"SCRIPT","index":25}],"i":3,"j":7,"unitType":"SOLDIER","player":1},{"type":"UNIT_MOVE","begin_conditions":[{"type":"SCRIPT","index":25}],"iStart":3,"jStart":6,"iEnd":0,"jEnd":6},{"type":"UNIT_MOVE_EXTENDED","begin_conditions":[{"type":"SCRIPT","index":25}],"keyPoints":[{"i":3,"j":7},{"i":3,"j":6},{"i":1,"j":6}]},{"type":"DIALOG","begin_conditions":[{"type":"SCRIPT","index":28}],"text":"dialog.3","image":"../images/portrait/2.png","align":"LEFT"},{"type":"SET_UNIT_SPEED","begin_conditions":[{"type":"SCRIPT","index":29}],"framesForCell":12},{"type":"UNIT_MOVE","begin_conditions":[{"type":"SCRIPT","index":29}],"iStart":0,"jStart":6,"iEnd":-1,"jEnd":6},{"type":"UNIT_CREATE","begin_conditions":[{"type":"SCRIPT","index":29}],"i":3,"j":7,"unitType":"SOLDIER","player":0},{"type":"UNIT_MOVE_EXTENDED","begin_conditions":[{"type":"SCRIPT","index":32}],"keyPoints":[{"i":3,"j":7},{"i":3,"j":6},{"i":2,"j":6}]},{"type":"UNIT_ATTACK","begin_conditions":[{"type":"SCRIPT","index":33}],"i":2,"j":6},{"type":"REMOVE_UNIT","begin_conditions":[{"type":"SCRIPT","index":34}],"i":-2,"j":6},{"type":"REMOVE_UNIT","begin_conditions":[{"type":"SCRIPT","index":34}],"i":-1,"j":6},{"type":"DIALOG","begin_conditions":[{"type":"SCRIPT","index":36}],"text":"dialog.4","image":"../images/portrait/2.png","align":"LEFT"},{"type":"UNIT_DIE","begin_conditions":[{"type":"SCRIPT","index":37}],"i":2,"j":6},{"type":"SET_UNIT_SPEED","begin_conditions":[{"type":"SCRIPT","index":38}],"framesForCell":8},{"type":"SET_CAMERA_SPEED","begin_conditions":[{"type":"SCRIPT","index":38}],"delta":6},{"type":"CAMERA_MOVE_ON_KING","begin_conditions":[{"type":"SCRIPT","index":38}],"player":0},{"type":"DIALOG","begin_conditions":[{"type":"SCRIPT","index":41}],"text":"dialog.5","image":"../images/portrait/5.png","align":"LEFT"},{"type":"DIALOG","begin_conditions":[{"type":"SCRIPT","index":42}],"text":"dialog.6","image":"../images/portrait/1.png","align":"LEFT"},{"type":"CAMERA_MOVE","begin_conditions":[{"type":"SCRIPT","index":43}],"iEnd":5,"jEnd":3},{"type":"DIALOG","begin_conditions":[{"type":"SCRIPT","index":44}],"text":"dialog.7","image":"../images/portrait/5.png","align":"LEFT"},{"type":"CAMERA_MOVE_ON_KING","begin_conditions":[{"type":"SCRIPT","index":45}],"player":0},{"type":"SHOW_TARGET","begin_conditions":[{"type":"SCRIPT","index":46}],"text_title":"targetTitle","text_target":"target"},{"type":"SHOW_CURSOR","begin_conditions":[{"type":"SCRIPT","index":47}]},{"type":"SHOW_INFO_BAR","begin_conditions":[{"type":"SCRIPT","index":47}]},{"type":"ENABLE_ACTIVE_GAME","begin_conditions":[{"type":"SCRIPT","index":47}]},{"type":"SET_UNIT_SPEED","begin_conditions":[{"type":"SCRIPT","index":47}],"framesForCell":8},{"type":"SET_CAMERA_SPEED","begin_conditions":[{"type":"SCRIPT","index":47}],"delta":6},{"type":"DISABLE_ACTIVE_GAME","begin_conditions":[{"type":"UNIT_AMOUNT","player":1,"comparator":0,"amount":0},{"type":"CASTLE_AMOUNT","player":1,"comparator":0,"amount":0},{"type":"SCRIPT","index":52}]},{"type":"DELAY","begin_conditions":[{"type":"SCRIPT","index":53}],"milliseconds":1333},{"type":"CAMERA_MOVE_ON_KING","begin_conditions":[{"type":"SCRIPT","index":54}],"player":0},{"type":"DIALOG","begin_conditions":[{"type":"SCRIPT","index":55}],"text":"dialog.8","image":"../images/portrait/1.png","align":"LEFT"},{"type":"DIALOG","begin_conditions":[{"type":"SCRIPT","index":56}],"text":"dialog.9","image":"../images/portrait/5.png","align":"LEFT"},{"type":"DELAY","begin_conditions":[{"type":"SCRIPT","index":57}],"milliseconds":666},{"type":"MISSION_COMPLETE","begin_conditions":[{"type":"SCRIPT","index":58}],"text":"missionComplete"},{"type":"CLOSE_MISSION","begin_conditions":[{"type":"SCRIPT","index":59}]},{"type":"GAME_OVER","begin_conditions":[{"type":"CASTLE_AMOUNT","player":0,"comparator":0,"amount":0},{"type":"NAMED_UNIT_DEAD","name":"king"}]}]}