{"map_file":"map.aemap","map_height":12,"map_width":12,"map_cell_size":4,"map_cell_types":{"WATER_UPLEFT_UP_LEFT_RIGHT_DOWNLEFT_DOWN_DOWNRIGHT":34,"MOUNT":0,"HILL":1,"TWO_TREES":2,"THREE_TREES":3,"PLAIN":4,"CITADEL_LEFT":5,"WATER_UPLEFT_UP_UPRIGHT_LEFT_RIGHT_DOWNLEFT_DOWN_DOWNRIGHT2":39,"WATER_UPLEFT_UP_UPRIGHT_LEFT":36,"CITADEL_RIGHT":6,"BUILDING":8,"CAMP":10,"WATER_UPLEFT_UP_UPRIGHT_LEFT_RIGHT":41,"TEMPLE":11,"WAY_DOWN_UP":13,"WAY_LEFT_RIGHT":15,"WAY_LEFT_UP":17,"WAY_LEFT_RIGHT_DOWN_UP":16,"WAY_RIGHT_UP":19,"WAY_RIGHT_DOWN":18,"WATER_LEFT_RIGHT_DOWNLEFT_DOWN_DOWNRIGHT":22,"WATER_UPLEFT_LEFT_DOWNLEFT_DOWN":30}}