{"name":"К СПАСЕНИЮ","title":"Храм Мудрости","target":"Уничтожить все атакующие вражеские войска, занять оба замка.","targetTitle":"К СПАСЕНИЮ","dialog.0":"Как это может быть? Храм Мудрости тоже атакован!","dialog.1":"Так, так... Валадорн, предполагаю? Приготовься к поражению!","dialog.2":"Сэр, часть вражеских сил отступает!","dialog.3":"Кристалл Мудрости! Не дайте им уйти!","dialog.4":"Ааааххх!","dialog.5":"Сэр, мы должны преследовать их!","dialog.6":"Давайте сначала остановим атаку. Охрана храма не даст другого шанса!","dialog.7":"Давайте разобьем лагерь в этом замке!","dialog.8":"Хорошая работа, Капитан. Но у нас нет времени на отдых. Кристалл Жизни все еще в опасности. Мы должны предупредить Короля Галамара!","dialog.9":"Да, Сэр. Я приготовлю войска.","missionComplete":"МИССИЯ ЗАВЕРШЕНА"}