<?xml version="1.0" encoding="UTF-8"?>

<cell_images_info>
	<cell_image type="MOUNT" image="mount.png" />
	<cell_image type="HILL" image="hill.png" />
	<cell_image type="TWO_TREES" image="two_trees.png" />
	<cell_image type="THREE_TREES" image="three_trees.png" />
	<cell_image type="PLAIN" image="plain.png" />
	<cell_image type="WAY_DOWN_UP" image="way_down_up.png" />
	<cell_image type="WAY_LEFT_DOWN" image="way_left_down.png" />
	<cell_image type="WAY_LEFT_RIGHT" image="way_left_right.png" />
	<cell_image type="WAY_LEFT_RIGHT_DOWN_UP" image="way_left_right_down_up.png" />
	<cell_image type="WAY_LEFT_UP" image="way_left_up.png" />
	<cell_image type="WAY_RIGHT_DOWN" image="way_right_down.png" />
	<cell_image type="WAY_RIGHT_UP" image="way_right_up.png" />
</cell_images_info>