{"scripts":[{"type":"SET_NAMED_UNIT","begin_conditions":[],"i":5,"j":0,"name":"king"},{"type":"BLACK_SCREEN","begin_conditions":[]},{"type":"HIDE_CURSOR","begin_conditions":[]},{"type":"HIDE_INFO_BAR","begin_conditions":[]},{"type":"DISABLE_ACTIVE_GAME","begin_conditions":[]},{"type":"SET_UNIT_SPEED","begin_conditions":[],"framesForCell":12},{"type":"SET_CAMERA_SPEED","begin_conditions":[],"delta":1},{"type":"TITLE","begin_conditions":[],"text":"title"},{"type":"HIDE_BLACK_SCREEN","begin_conditions":[{"type":"SCRIPT","index":7}]},{"type":"UNIT_CREATE","begin_conditions":[{"type":"SCRIPT","index":7}],"i":5,"j":-1,"unitType":"SOLDIER","player":0},{"type":"UNIT_CREATE","begin_conditions":[{"type":"SCRIPT","index":7}],"i":5,"j":-2,"unitType":"ELEMENTAL","player":0},{"type":"UNIT_CREATE","begin_conditions":[{"type":"SCRIPT","index":7}],"i":5,"j":-3,"unitType":"SORCERESS","player":0},{"type":"UNIT_MOVE_EXTENDED","begin_conditions":[{"type":"SCRIPT","index":7}],"keyPoints":[{"i":5,"j":0},{"i":5,"j":3},{"i":3,"j":3}]},{"type":"UNIT_MOVE_EXTENDED","begin_conditions":[{"type":"SCRIPT","index":7}],"keyPoints":[{"i":5,"j":-1},{"i":5,"j":3},{"i":4,"j":3}]},{"type":"UNIT_MOVE_EXTENDED","begin_conditions":[{"type":"SCRIPT","index":7}],"keyPoints":[{"i":5,"j":-3},{"i":5,"j":2},{"i":4,"j":2}]},{"type":"UNIT_MOVE_EXTENDED","begin_conditions":[{"type":"SCRIPT","index":7}],"keyPoints":[{"i":5,"j":-2},{"i":5,"j":4},{"i":4,"j":4}]},{"type":"SHOW_BLACK_SCREEN","begin_conditions":[{"type":"SCRIPT","index":15}]},{"type":"DELAY","begin_conditions":[{"type":"SCRIPT","index":16}],"milliseconds":666},{"type":"DIALOG","begin_conditions":[{"type":"SCRIPT","index":17}],"text":"dialog.0","image":"../images/portrait/2.png","align":"LEFT"},{"type":"DIALOG","begin_conditions":[{"type":"SCRIPT","index":18}],"text":"dialog.1","image":"../images/portrait/0.png","align":"LEFT"},{"type":"DIALOG","begin_conditions":[{"type":"SCRIPT","index":19}],"text":"dialog.2","image":"../images/portrait/5.png","align":"LEFT"},{"type":"UNIT_CHANGE_POSITION","begin_conditions":[{"type":"SCRIPT","index":20}],"i":3,"j":3,"iNew":1,"jNew":7},{"type":"UNIT_CHANGE_POSITION","begin_conditions":[{"type":"SCRIPT","index":20}],"i":4,"j":3,"iNew":4,"jNew":5},{"type":"UNIT_CHANGE_POSITION","begin_conditions":[{"type":"SCRIPT","index":20}],"i":4,"j":4,"iNew":5,"jNew":7},{"type":"UNIT_CHANGE_POSITION","begin_conditions":[{"type":"SCRIPT","index":20}],"i":4,"j":2,"iNew":3,"jNew":3},{"type":"SET_MAP_POSITION","begin_conditions":[{"type":"SCRIPT","index":20}],"i":3,"j":13},{"type":"HIDE_BLACK_SCREEN","begin_conditions":[{"type":"SCRIPT","index":25}]},{"type":"SET_CAMERA_SPEED","begin_conditions":[{"type":"SCRIPT","index":26}],"delta":1},{"type":"CAMERA_MOVE","begin_conditions":[{"type":"SCRIPT","index":26}],"iEnd":10,"jEnd":13},{"type":"SET_UNIT_SPEED","begin_conditions":[{"type":"SCRIPT","index":28}],"framesForCell":24},{"type":"SET_CAMERA_SPEED","begin_conditions":[{"type":"SCRIPT","index":28}],"delta":2},{"type":"CAMERA_MOVE","begin_conditions":[{"type":"SCRIPT","index":28}],"iEnd":10,"jEnd":6},{"type":"UNIT_MOVE","begin_conditions":[{"type":"SCRIPT","index":28}],"iStart":10,"jStart":10,"iEnd":10,"jEnd":6},{"type":"SHOW_CURSOR","begin_conditions":[{"type":"SCRIPT","index":32}]},{"type":"DELAY","begin_conditions":[{"type":"SCRIPT","index":32}],"milliseconds":666},{"type":"CAMERA_MOVE","begin_conditions":[{"type":"SCRIPT","index":34}],"iEnd":9,"jEnd":4},{"type":"SPARK_ATTACK","begin_conditions":[{"type":"SCRIPT","index":34}],"i":9,"j":4},{"type":"DELAY","begin_conditions":[{"type":"SCRIPT","index":36}],"milliseconds":1333},{"type":"CELL_ATTACK_PART_TWO","begin_conditions":[{"type":"SCRIPT","index":37}],"i":9,"j":4},{"type":"DIALOG","begin_conditions":[{"type":"SCRIPT","index":38}],"text":"dialog.3","image":"../images/portrait/5.png","align":"LEFT"},{"type":"CAMERA_MOVE","begin_conditions":[{"type":"SCRIPT","index":39}],"iEnd":1,"jEnd":7},{"type":"DIALOG","begin_conditions":[{"type":"SCRIPT","index":40}],"text":"dialog.4","image":"../images/portrait/0.png","align":"LEFT"},{"type":"SHOW_TARGET","begin_conditions":[{"type":"SCRIPT","index":41}],"text_title":"targetTitle","text_target":"target"},{"type":"SHOW_CURSOR","begin_conditions":[{"type":"SCRIPT","index":42}]},{"type":"SHOW_INFO_BAR","begin_conditions":[{"type":"SCRIPT","index":42}]},{"type":"ENABLE_ACTIVE_GAME","begin_conditions":[{"type":"SCRIPT","index":42}]},{"type":"SET_UNIT_SPEED","begin_conditions":[{"type":"SCRIPT","index":42}],"framesForCell":8},{"type":"SET_CAMERA_SPEED","begin_conditions":[{"type":"SCRIPT","index":42}],"delta":6},{"type":"DISABLE_ACTIVE_GAME","begin_conditions":[{"type":"UNIT_AMOUNT","player":1,"comparator":0,"amount":0},{"type":"CASTLE_AMOUNT","player":1,"comparator":0,"amount":0},{"type":"SCRIPT","index":47}]},{"type":"DELAY","begin_conditions":[{"type":"SCRIPT","index":48}],"milliseconds":1000},{"type":"DIALOG","begin_conditions":[{"type":"SCRIPT","index":49}],"text":"dialog.5","image":"../images/portrait/5.png","align":"LEFT"},{"type":"DIALOG","begin_conditions":[{"type":"SCRIPT","index":50}],"text":"dialog.6","image":"../images/portrait/0.png","align":"LEFT"},{"type":"MISSION_COMPLETE","begin_conditions":[{"type":"SCRIPT","index":51}],"text":"missionComplete"},{"type":"CLOSE_MISSION","begin_conditions":[{"type":"SCRIPT","index":52}]},{"type":"GAME_OVER","begin_conditions":[{"type":"CASTLE_AMOUNT","player":0,"comparator":0,"amount":0},{"type":"NAMED_UNIT_DEAD","name":"king"}]}]}