{"cells":[{"i":1,"j":7,"isCapture":true,"player":0},{"i":1,"j":9,"isCapture":true,"player":0},{"i":3,"j":12,"isCapture":true,"player":0},{"i":4,"j":5,"isCapture":true,"player":0},{"i":5,"j":7,"isCapture":true,"player":0},{"i":6,"j":13,"isCapture":true,"player":1},{"i":8,"j":1,"isCapture":true,"player":0},{"i":9,"j":4,"isCapture":true,"player":0},{"i":9,"j":13,"isCapture":true,"player":1},{"i":11,"j":5,"isCapture":true,"player":1},{"i":11,"j":9,"isCapture":true,"player":1},{"i":11,"j":14,"isCapture":true,"player":1},{"i":13,"j":12,"isCapture":true,"player":1}]}