{"name":"ПОДКРЕПЛЕНИЕ","title":"Храм Жизни","target":"Защитить Храм Жизни - уничтожить все вражеские единицы, занять вражеский замок!","targetTitle":"ПОДКРЕПЛЕНИЕ","dialog.0":"Ваше Величество, благодаря Создателю вы здесь! Пожалуйста, помогите нам защитить Кристалл!","dialog.1":"Только в хорошо защищенных крепостях Торина Кристалл будет в безопасности. Мы должны принести его туда.","dialog.2":"Ваше Величество, наши разведчики докладывают, что вражеские войска неподалеку!","dialog.3":"Они разрушают наши здания, чтобы нанести ущерб нашим поставкам золота! Она должны быть остановлены!","dialog.4":"Капитан, мы должны спасти Кристалл, готовьте войска к битве!","dialog.5":"Ваше величество, мы остановили атаку.","dialog.6":"Хорошая работа, Капитан! Приготовьте войска к маршу в Турин!","missionComplete":"МИССИЯ ЗАВЕРШЕНА"}