{"scripts":[{"type":"SET_NAMED_UNIT","begin_conditions":[],"i":17,"j":5,"name":"king"},{"type":"BLACK_SCREEN","begin_conditions":[]},{"type":"HIDE_CURSOR","begin_conditions":[]},{"type":"HIDE_INFO_BAR","begin_conditions":[]},{"type":"DISABLE_ACTIVE_GAME","begin_conditions":[]},{"type":"SET_CAMERA_SPEED","begin_conditions":[],"delta":2},{"type":"TITLE","begin_conditions":[],"text":"title"},{"type":"HIDE_BLACK_SCREEN","begin_conditions":[{"type":"SCRIPT","index":6}]},{"type":"CAMERA_MOVE_ON_KING","begin_conditions":[{"type":"SCRIPT","index":6}],"player":0},{"type":"DELAY","begin_conditions":[{"type":"SCRIPT","index":8}],"milliseconds":666},{"type":"DIALOG","begin_conditions":[{"type":"SCRIPT","index":9}],"text":"dialog.0","image":"../images/portrait/1.png","align":"LEFT"},{"type":"SHOW_TARGET","begin_conditions":[{"type":"SCRIPT","index":10}],"text_title":"targetTitle","text_target":"target"},{"type":"SHOW_CURSOR","begin_conditions":[{"type":"SCRIPT","index":11}]},{"type":"SHOW_INFO_BAR","begin_conditions":[{"type":"SCRIPT","index":11}]},{"type":"ENABLE_ACTIVE_GAME","begin_conditions":[{"type":"SCRIPT","index":11}]},{"type":"SET_UNIT_SPEED","begin_conditions":[{"type":"SCRIPT","index":11}],"framesForCell":8},{"type":"SET_CAMERA_SPEED","begin_conditions":[{"type":"SCRIPT","index":11}],"delta":6},{"type":"DISABLE_ACTIVE_GAME","begin_conditions":[{"type":"UNIT_AMOUNT","player":1,"comparator":0,"amount":0},{"type":"CASTLE_AMOUNT","player":1,"comparator":0,"amount":0},{"type":"SCRIPT","index":16}]},{"type":"HIDE_CURSOR","begin_conditions":[{"type":"SCRIPT","index":17}]},{"type":"DELAY","begin_conditions":[{"type":"SCRIPT","index":17}],"milliseconds":1000},{"type":"CAMERA_MOVE_ON_KING","begin_conditions":[{"type":"SCRIPT","index":19}],"player":0},{"type":"DIALOG","begin_conditions":[{"type":"SCRIPT","index":20}],"text":"dialog.1","image":"../images/portrait/0.png","align":"LEFT"},{"type":"MISSION_COMPLETE","begin_conditions":[{"type":"SCRIPT","index":21}],"text":"missionComplete"},{"type":"CLOSE_MISSION","begin_conditions":[{"type":"SCRIPT","index":22}]},{"type":"GAME_OVER","begin_conditions":[{"type":"CASTLE_AMOUNT","player":0,"comparator":0,"amount":0},{"type":"NAMED_UNIT_DEAD","name":"king"}]}]}