{"name":"ИДУЩИЙ","title":"Ворота Торина","target":"Занять вражеский замок и уничтожить все вражеские войска.","targetTitle":"ИДУЩИЙ","dialog.0":"Враг планирует атаковать Короля Галамара, пока он не достигнет Торина. Мы должны уничтожить их!","dialog.1":"Давайте поспешим на Север, чтобы встретиться с Галамаром. Враги знают о его планах и ему может потребоваться наша помощь!","missionComplete":"МИССИЯ ЗАВЕРШЕНА"}