{"units":[{"type":"KING_VALADORN","player":1,"i":5,"j":5},{"type":"WISP","player":1,"i":5,"j":6},{"type":"GOLEM","player":1,"i":6,"j":4},{"type":"CATAPULT","player":1,"i":6,"j":5},{"type":"SOLDIER","player":1,"i":6,"j":6},{"type":"DIRE_WOLF","player":1,"i":6,"j":7},{"type":"SOLDIER","player":1,"i":7,"j":5},{"type":"DIRE_WOLF","player":0,"i":16,"j":4},{"type":"GOLEM","player":0,"i":16,"j":8},{"type":"CATAPULT","player":0,"i":17,"j":3},{"type":"KING_GALAMAR","player":0,"i":17,"j":5},{"type":"ARCHER","player":0,"i":17,"j":7},{"type":"SOLDIER","player":0,"i":17,"j":8}]}