{"cells":[{"i":0,"j":4,"isDestroying":true},{"i":0,"j":8,"isDestroying":true},{"i":1,"j":6,"isCapture":true,"player":3},{"i":4,"j":0,"isDestroying":true},{"i":4,"j":12,"isDestroying":true},{"i":5,"j":5},{"i":5,"j":7},{"i":6,"j":1,"isCapture":true,"player":1},{"i":6,"j":11,"isCapture":true,"player":0},{"i":7,"j":5},{"i":7,"j":7},{"i":8,"j":0,"isDestroying":true},{"i":8,"j":12,"isDestroying":true},{"i":11,"j":6,"isCapture":true,"player":2},{"i":12,"j":4,"isDestroying":true},{"i":12,"j":8,"isDestroying":true}]}