<?xml version="1.0" encoding="UTF-8"?>

<unit_images_info>
	<color_folders>
		<color_folder name="0xFFFF0000" value="red/" />
		<color_folder name="0xFF00FF00" value="green/" />
		<color_folder name="0xFF0000FF" value="blue/" />
	</color_folders>
	<color_types>
		<color_type type="SOLDIER" amountImages="2" image0="soldier_1.png" image1="soldier_2.png" />
		<color_type type="ARCHER" amountImages="2" image0="archer_1.png" image1="archer_2.png" />
		<color_type type="ELEMENTAL" amountImages="2" image0="elemental_1.png" image1="elemental_2.png" />
		<color_type type="SORCERESS" amountImages="2" image0="sorceress_1.png" image1="sorceress_2.png" />
		<color_type type="WISP" amountImages="2" image0="wisp_1.png" image1="wisp_2.png" />
		<color_type type="DIRE_WOLF" amountImages="2" image0="dire_wolf_1.png" image1="dire_wolf_2.png" />
		<color_type type="GOLEM" amountImages="2" image0="golem_1.png" image1="golem_2.png" />
		<color_type type="CATAPULT" amountImages="2" image0="catapult_1.png" image1="catapult_2.png" />
		<color_type type="DRAGON" amountImages="2" image0="dragon_1.png" image1="dragon_2.png" />
	</color_types>
</unit_images_info>