<?xml version="1.0" encoding="UTF-8"?>

<unit_images_info>
	<unit_image type="SOLDIER" amountImages="2" image0="soldier_1.png" image1="soldier_2.png" />
	<color_folders>
		<color_folder name="0xFFFF0000" value="red/" />
		<color_folder name="0xFF00FF00" value="green/" />
		<color_folder name="0xFF0000FF" value="blue/" />
	</color_folders>
	<color_types>
		<color_type type="DEFAULT" amountImages="2" image0="soldier_1.png" image1="soldier_2.png" />
		<color_type type="SOLDIER" amountImages="2" image0="soldier_1.png" image1="soldier_2.png" />
	</color_types>
</unit_images_info>