{
	"color_folders":
	{
		"red": "red/",
		"green": "green/",
		"blue": "blue/",
		"black": "black/",
		"grey": "grey/"
	},
	"images":
	[
		{
			"type": "KING",
			"isAdvanced": true,
			"images":
			[
				{
					"colored": "king_0.png",
					"notColoredI": 0,
					"notColoredJ": 7,
					"notColored":
					{
						"red": "red/king_head.png",
						"green": "green/king_head.png",
						"blue": "blue/king_head.png",
						"black": "black/king_head.png",
						"other": "blue/king_head.png"
					},
					"notColoredGrey":
					{
						"red": "grey/king_head_red.png",
						"green": "grey/king_head_green.png",
						"blue": "grey/king_head_blue.png",
						"black": "grey/king_head_black.png",
						"other": "grey/king_head_blue.png"
					}
				},
				{
					"colored": "king_1.png",
					"notColoredI": 1,
					"notColoredJ": 7,
					"notColored":
					{
						"red": "red/king_head.png",
						"green": "green/king_head.png",
						"blue": "blue/king_head.png",
						"black": "black/king_head.png",
						"other": "blue/king_head.png"
					},
					"notColoredGrey":
					{
						"red": "grey/king_head_red.png",
						"green": "grey/king_head_green.png",
						"blue": "grey/king_head_blue.png",
						"black": "grey/king_head_black.png",
						"other": "grey/king_head_blue.png"
					}
				}
			]
		},
		{ "type": "SOLDIER", "images": [ "soldier_0.png", "soldier_1.png" ] },
		{ "type": "ARCHER", "images": [ "archer_0.png", "archer_1.png" ] },
		{ "type": "ELEMENTAL", "images": [ "elemental_0.png", "elemental_1.png" ] },
		{ "type": "SORCERESS", "images": [ "sorceress_0.png", "sorceress_1.png" ] },
		{ "type": "WISP", "images": [ "wisp_0.png", "wisp_1.png" ] },
		{ "type": "DIRE_WOLF", "images": [ "dire_wolf_0.png", "dire_wolf_1.png" ] },
		{ "type": "GOLEM", "images": [ "golem_0.png", "golem_1.png" ] },
		{ "type": "CATAPULT", "images": [ "catapult_0.png", "catapult_1.png" ] },
		{ "type": "DRAGON", "images": [ "dragon_0.png", "dragon_1.png" ] },
		{ "type": "SKELETON", "images": [ "skeleton_0.png", "skeleton_1.png" ] }
	]
}