<?xml version="1.0" encoding="UTF-8" standalone="no"?>
<map_info>
	<map_file>map.map</map_file>
	<cells_file>cells.xml</cells_file>
	<map_height>12</map_height>
	<map_width>12</map_width>
	<map_cell_size>4</map_cell_size>
	<map_content>
		<cell_types>
			<cell_type name="1" value="MOUNT" />
			<cell_type name="2" value="HILL" />
			<cell_type name="3" value="TWO_TREES" />
			<cell_type name="4" value="THREE_TREES" />
			<cell_type name="5" value="PLAIN" />
			<cell_type name="6" value="BUILDING" />
			<cell_type name="7" value="WAY_DOWN_UP" />
			<cell_type name="8" value="WAY_LEFT_DOWN" />
			<cell_type name="9" value="WAY_LEFT_RIGHT" />
			<cell_type name="10" value="WAY_LEFT_RIGHT_DOWN_UP" />
			<cell_type name="11" value="WAY_LEFT_UP" />
			<cell_type name="12" value="WAY_RIGHT_DOWN" />
			<cell_type name="13" value="WAY_RIGHT_UP" />
			<cell_type name="14" value="WATER_LEFT_DOWNLEFT_DOWN_DOWNRIGHT" />
			<cell_type name="15" value="WATER_LEFT_DOWNLEFT_DOWN" />
			<cell_type name="16" value="WATER_LEFT_RIGHT_DOWNLEFT_DOWN_DOWNRIGHT" />
			<cell_type name="17" value="WATER_RIGHT_DOWN_DOWNRIGHT" />
			<cell_type name="18" value="WATER_RIGHT_DOWNLEFT_DOWN_DOWNRIGHT" />
			<cell_type name="19" value="WATER_UP_UPRIGHT_LEFT_RIGHT_DOWNLEFT_DOWN_DOWNRIGHT" />
			<cell_type name="20" value="WATER_UP_UPRIGHT_RIGHT_DOWN_DOWNRIGHT" />
			<cell_type name="21" value="WATER_UP_UPRIGHT_RIGHT_DOWNRIGHT" />
			<cell_type name="22" value="WATER_UP_UPRIGHT_RIGHT" />
			<cell_type name="23" value="WATER_UPLEFT_LEFT_DOWNLEFT_DOWN_DOWNRIGHT" />
			<cell_type name="24" value="WATER_UPLEFT_LEFT_DOWNLEFT_DOWN" />
			<cell_type name="25" value="WATER_UPLEFT_UP_LEFT_DOWNLEFT_DOWN" />
			<cell_type name="26" value="WATER_UPLEFT_UP_LEFT_DOWNLEFT" />
			<cell_type name="27" value="WATER_UPLEFT_UP_LEFT" />
			<cell_type name="28" value="WATER_UPLEFT_UP_LEFT_RIGHT_DOWNLEFT_DOWN_DOWNRIGHT" />
			<cell_type name="29" value="WATER_UPLEFT_UP_UPRIGHT_LEFT_DOWNLEFT" />
			<cell_type name="30" value="WATER_UPLEFT_UP_UPRIGHT_LEFT" />
			<cell_type name="31" value="WATER_UPLEFT_UP_UPRIGHT_LEFT_RIGHT_DOWN_DOWNRIGHT" />
			<cell_type name="32" value="WATER_UPLEFT_UP_UPRIGHT_LEFT_RIGHT_DOWNLEFT_DOWN_DOWNRIGHT" />
			<cell_type name="33" value="WATER_UPLEFT_UP_UPRIGHT_LEFT_RIGHT_DOWNLEFT_DOWN" />
			<cell_type name="34" value="WATER_UPLEFT_UP_UPRIGHT_LEFT_RIGHT" />
			<cell_type name="35" value="WATER_UPLEFT_UP_UPRIGHT_RIGHT_DOWNRIGHT" />
			<cell_type name="36" value="WATER_UPLEFT_UP_UPRIGHT_RIGHT" />
			<cell_type name="37" value="WATER_UPRIGHT_RIGHT_DOWN_DOWNRIGHT" />
			<cell_type name="38" value="WATER_UPRIGHT_RIGHT_DOWNLEFT_DOWN_DOWNRIGHT" />
		</cell_types>
	</map_content>
</map_info>