{"cells":[{"i":2,"j":9},{"i":3,"j":3,"isCapture":true,"player":0},{"i":3,"j":15,"isCapture":true,"player":2},{"i":4,"j":8,"isDestroying":true},{"i":4,"j":10,"isDestroying":true},{"i":7,"j":7,"isDestroying":true},{"i":7,"j":11,"isDestroying":true},{"i":8,"j":4,"isDestroying":true},{"i":8,"j":14,"isDestroying":true},{"i":9,"j":2},{"i":9,"j":9},{"i":9,"j":16},{"i":10,"j":4,"isDestroying":true},{"i":10,"j":14,"isDestroying":true},{"i":11,"j":7,"isDestroying":true},{"i":11,"j":11,"isDestroying":true},{"i":14,"j":8,"isDestroying":true},{"i":14,"j":10,"isDestroying":true},{"i":15,"j":3,"isCapture":true,"player":1},{"i":15,"j":15,"isCapture":true,"player":3},{"i":16,"j":9}]}