{"scripts":[{"type":"SET_NAMED_UNIT","begin_conditions":[],"i":16,"j":8,"name":"king"},{"type":"BLACK_SCREEN","begin_conditions":[]},{"type":"HIDE_CURSOR","begin_conditions":[]},{"type":"HIDE_INFO_BAR","begin_conditions":[]},{"type":"DISABLE_ACTIVE_GAME","begin_conditions":[]},{"type":"SET_UNIT_SPEED","begin_conditions":[],"framesForCell":12},{"type":"CLOSE_MISSION","begin_conditions":[]},{"type":"GAME_OVER","begin_conditions":[{"type":"CASTLE_AMOUNT","player":0,"comparator":0,"amount":0},{"type":"NAMED_UNIT_DEAD","name":"king"}]}]}