{"scripts":[{"type":"SET_NAMED_UNIT","begin_conditions":[],"i":16,"j":8,"name":"king"},{"type":"BLACK_SCREEN","begin_conditions":[]},{"type":"HIDE_CURSOR","begin_conditions":[]},{"type":"HIDE_INFO_BAR","begin_conditions":[]},{"type":"DISABLE_ACTIVE_GAME","begin_conditions":[]},{"type":"SET_UNIT_SPEED","begin_conditions":[],"framesForCell":12},{"type":"TITLE","begin_conditions":[],"text":"title"},{"type":"HIDE_BLACK_SCREEN","begin_conditions":[{"type":"SCRIPT","index":6}]},{"type":"UNIT_MOVE","begin_conditions":[{"type":"SCRIPT","index":6}],"i":16,"j":8,"targetI":14,"targetJ":8},{"type":"UNIT_MOVE_EXTENDED","begin_conditions":[{"type":"SCRIPT","index":6}],"keyPoints":[{"i":17,"j":8},{"i":15,"j":8},{"i":15,"j":7},{"i":14,"j":7}]},{"type":"UNIT_MOVE_EXTENDED","begin_conditions":[{"type":"SCRIPT","index":6}],"keyPoints":[{"i":18,"j":8},{"i":15,"j":8},{"i":15,"j":7}]},{"type":"UNIT_MOVE","begin_conditions":[{"type":"SCRIPT","index":6}],"i":19,"j":8,"targetI":15,"targetJ":8},{"type":"SET_UNIT_SPEED","begin_conditions":[{"type":"SCRIPT","index":11}],"framesForCell":8},{"type":"DIALOG","begin_conditions":[{"type":"SCRIPT","index":12}],"text":"dialog.0","image":"../images/portrait/5.png","align":"LEFT"},{"type":"DIALOG","begin_conditions":[{"type":"SCRIPT","index":13}],"text":"dialog.1","image":"../images/portrait/0.png","align":"LEFT"},{"type":"DIALOG","begin_conditions":[{"type":"SCRIPT","index":14}],"text":"dialog.2","image":"../images/portrait/5.png","align":"LEFT"},{"type":"SHOW_TARGET","begin_conditions":[{"type":"SCRIPT","index":15}],"text_title":"targetTitle","text_target":"target"},{"type":"SHOW_INFO_BAR","begin_conditions":[{"type":"SCRIPT","index":16}]},{"type":"ENABLE_ACTIVE_GAME","begin_conditions":[{"type":"SCRIPT","index":16}]},{"type":"SET_UNIT_SPEED","begin_conditions":[{"type":"SCRIPT","index":16}],"framesForCell":8},{"type":"SET_CAMERA_SPEED","begin_conditions":[{"type":"SCRIPT","index":16}],"delta":6},{"type":"DISABLE_ACTIVE_GAME","begin_conditions":[{"type":"UNIT_INTO_BOUNDS","bounds":[{"iMin":0,"jMin":0,"iMax":10,"jMax":9},{"iMin":0,"jMin":0,"iMax":16,"jMax":4}],"player":0},{"type":"SCRIPT","index":20}]},{"type":"HIDE_CURSOR","begin_conditions":[{"type":"SCRIPT","index":21}]},{"type":"DELAY","begin_conditions":[{"type":"SCRIPT","index":21}],"milliseconds":666},{"type":"CAMERA_MOVE","begin_conditions":[{"type":"SCRIPT","index":23}],"i":8,"j":0},{"type":"UNIT_CREATE","begin_conditions":[{"type":"SCRIPT","index":24}],"i":8,"j":-1,"unitType":"DIRE_WOLF","player":1},{"type":"UNIT_MOVE","begin_conditions":[{"type":"SCRIPT","index":24}],"i":8,"j":-1,"targetI":8,"targetJ":0},{"type":"UNIT_CREATE","begin_conditions":[{"type":"SCRIPT","index":24}],"i":7,"j":-2,"unitType":"DIRE_WOLF","player":1},{"type":"UNIT_MOVE","begin_conditions":[{"type":"SCRIPT","index":24}],"i":7,"j":-2,"targetI":7,"targetJ":1},{"type":"CAMERA_MOVE","begin_conditions":[{"type":"SCRIPT","index":28}],"i":6,"j":8},{"type":"UNIT_CREATE","begin_conditions":[{"type":"SCRIPT","index":29}],"i":6,"j":11,"unitType":"DIRE_WOLF","player":1},{"type":"UNIT_MOVE","begin_conditions":[{"type":"SCRIPT","index":29}],"i":6,"j":11,"targetI":6,"targetJ":8},{"type":"CAMERA_MOVE","begin_conditions":[{"type":"SCRIPT","index":31}],"i":1,"j":2},{"type":"UNIT_CREATE","begin_conditions":[{"type":"SCRIPT","index":32}],"i":-1,"j":2,"unitType":"WISP","player":1},{"type":"UNIT_MOVE","begin_conditions":[{"type":"SCRIPT","index":32}],"i":-1,"j":2,"targetI":1,"targetJ":2},{"type":"UNIT_CREATE","begin_conditions":[{"type":"SCRIPT","index":32}],"i":-2,"j":1,"unitType":"DIRE_WOLF","player":1},{"type":"UNIT_MOVE","begin_conditions":[{"type":"SCRIPT","index":32}],"i":-2,"j":1,"targetI":2,"targetJ":1},{"type":"UNIT_CREATE","begin_conditions":[{"type":"SCRIPT","index":32}],"i":-2,"j":3,"unitType":"DIRE_WOLF","player":1},{"type":"UNIT_MOVE","begin_conditions":[{"type":"SCRIPT","index":32}],"i":-2,"j":3,"targetI":2,"targetJ":3},{"type":"DIALOG","begin_conditions":[{"type":"SCRIPT","index":38}],"text":"dialog.3","image":"../images/portrait/5.png","align":"LEFT"},{"type":"CAMERA_MOVE","begin_conditions":[{"type":"SCRIPT","index":39}],"i":8,"j":4},{"type":"UNIT_CREATE","begin_conditions":[{"type":"SCRIPT","index":40}],"i":8,"j":3,"unitType":"ELEMENTAL","player":1},{"type":"UNIT_CREATE","begin_conditions":[{"type":"SCRIPT","index":40}],"i":7,"j":4,"unitType":"ELEMENTAL","player":1},{"type":"UNIT_CREATE","begin_conditions":[{"type":"SCRIPT","index":40}],"i":8,"j":5,"unitType":"ELEMENTAL","player":1},{"type":"SPARK_DEFAULT","begin_conditions":[{"type":"SCRIPT","index":40}],"i":8,"j":3},{"type":"SPARK_DEFAULT","begin_conditions":[{"type":"SCRIPT","index":40}],"i":7,"j":4},{"type":"SPARK_DEFAULT","begin_conditions":[{"type":"SCRIPT","index":40}],"i":8,"j":5},{"type":"DIALOG","begin_conditions":[{"type":"SCRIPT","index":46}],"text":"dialog.4","image":"../images/portrait/5.png","align":"LEFT"},{"type":"DIALOG_WITHOUT_IMAGE","begin_conditions":[{"type":"SCRIPT","index":47}],"text":"dialog.5"},{"type":"DIALOG","begin_conditions":[{"type":"SCRIPT","index":48}],"text":"dialog.6","image":"../images/portrait/0.png","align":"LEFT"},{"type":"REMOVE_UNIT","begin_conditions":[{"type":"SCRIPT","index":49}],"i":8,"j":3},{"type":"REMOVE_UNIT","begin_conditions":[{"type":"SCRIPT","index":49}],"i":7,"j":4},{"type":"REMOVE_UNIT","begin_conditions":[{"type":"SCRIPT","index":49}],"i":8,"j":5},{"type":"UNIT_CREATE","begin_conditions":[{"type":"SCRIPT","index":49}],"i":8,"j":3,"unitType":"ELEMENTAL","player":0},{"type":"UNIT_CREATE","begin_conditions":[{"type":"SCRIPT","index":49}],"i":7,"j":4,"unitType":"ELEMENTAL","player":0},{"type":"UNIT_CREATE","begin_conditions":[{"type":"SCRIPT","index":49}],"i":8,"j":5,"unitType":"ELEMENTAL","player":0},{"type":"SPARK_DEFAULT","begin_conditions":[{"type":"SCRIPT","index":49}],"i":8,"j":3},{"type":"SPARK_DEFAULT","begin_conditions":[{"type":"SCRIPT","index":49}],"i":7,"j":4},{"type":"SPARK_DEFAULT","begin_conditions":[{"type":"SCRIPT","index":49}],"i":8,"j":5},{"type":"ENABLE_ACTIVE_GAME","begin_conditions":[{"type":"SCRIPT","index":58}]},{"type":"DISABLE_ACTIVE_GAME","begin_conditions":[{"type":"UNIT_NUMBER","player":1,"comparator":0,"number":0},{"type":"SCRIPT","index":59}]},{"type":"DELAY","begin_conditions":[{"type":"SCRIPT","index":60}],"milliseconds":666},{"type":"MISSION_COMPLETE","begin_conditions":[{"type":"SCRIPT","index":61}],"text":"missionComplete"},{"type":"CLOSE_MISSION","begin_conditions":[{"type":"SCRIPT","index":62}]},{"type":"GAME_OVER","begin_conditions":[{"type":"CASTLE_NUMBER","player":0,"comparator":0,"number":0},{"type":"NAMED_UNIT_DEAD","name":"king"}]}]}