{"scripts":[{"type":"SET_NAMED_UNIT","begin_conditions":[],"i":16,"j":8,"name":"king"},{"type":"BLACK_SCREEN","begin_conditions":[]},{"type":"HIDE_CURSOR","begin_conditions":[]},{"type":"HIDE_INFO_BAR","begin_conditions":[]},{"type":"DISABLE_ACTIVE_GAME","begin_conditions":[]},{"type":"SET_UNIT_SPEED","begin_conditions":[],"framesForCell":12},{"type":"TITLE","begin_conditions":[],"text":"title"},{"type":"HIDE_BLACK_SCREEN","begin_conditions":[{"type":"SCRIPT","index":6}]},{"type":"UNIT_MOVE","begin_conditions":[{"type":"SCRIPT","index":6}],"iStart":16,"jStart":8,"iEnd":14,"jEnd":8},{"type":"UNIT_MOVE","begin_conditions":[{"type":"SCRIPT","index":6}],"iStart":17,"jStart":8,"iEnd":15,"jEnd":8},{"type":"UNIT_MOVE","begin_conditions":[{"type":"SCRIPT","index":6}],"iStart":18,"jStart":8,"iEnd":16,"jEnd":8},{"type":"UNIT_MOVE","begin_conditions":[{"type":"SCRIPT","index":6}],"iStart":19,"jStart":8,"iEnd":17,"jEnd":8},{"type":"UNIT_MOVE","begin_conditions":[{"type":"SCRIPT","index":11}],"iStart":15,"jStart":8,"iEnd":15,"jEnd":7},{"type":"UNIT_MOVE","begin_conditions":[{"type":"SCRIPT","index":11}],"iStart":16,"jStart":8,"iEnd":15,"jEnd":8},{"type":"UNIT_MOVE","begin_conditions":[{"type":"SCRIPT","index":11}],"iStart":17,"jStart":8,"iEnd":16,"jEnd":8},{"type":"UNIT_MOVE","begin_conditions":[{"type":"SCRIPT","index":14}],"iStart":15,"jStart":7,"iEnd":14,"jEnd":7},{"type":"UNIT_MOVE","begin_conditions":[{"type":"SCRIPT","index":14}],"iStart":15,"jStart":8,"iEnd":15,"jEnd":7},{"type":"UNIT_MOVE","begin_conditions":[{"type":"SCRIPT","index":14}],"iStart":16,"jStart":8,"iEnd":15,"jEnd":8},{"type":"SET_UNIT_SPEED","begin_conditions":[{"type":"SCRIPT","index":17}],"framesForCell":8},{"type":"DIALOG","begin_conditions":[{"type":"SCRIPT","index":18}],"text":"dialog.0","image":"../images/portrait/5.png","align":"LEFT"},{"type":"DIALOG","begin_conditions":[{"type":"SCRIPT","index":19}],"text":"dialog.1","image":"../images/portrait/0.png","align":"LEFT"},{"type":"DIALOG","begin_conditions":[{"type":"SCRIPT","index":20}],"text":"dialog.2","image":"../images/portrait/5.png","align":"LEFT"},{"type":"SHOW_TARGET","begin_conditions":[{"type":"SCRIPT","index":21}],"text_title":"targetTitle","text_target":"target"},{"type":"SHOW_CURSOR","begin_conditions":[{"type":"SCRIPT","index":22}]},{"type":"SHOW_INFO_BAR","begin_conditions":[{"type":"SCRIPT","index":22}]},{"type":"ENABLE_ACTIVE_GAME","begin_conditions":[{"type":"SCRIPT","index":22}]},{"type":"SET_UNIT_SPEED","begin_conditions":[{"type":"SCRIPT","index":22}],"framesForCell":8},{"type":"SET_CAMERA_SPEED","begin_conditions":[{"type":"SCRIPT","index":22}],"delta":6},{"type":"DISABLE_ACTIVE_GAME","begin_conditions":[{"type":"UNIT_INTO_BOUNDS","bounds":[{"iMin":0,"jMin":0,"iMax":10,"jMax":9},{"iMin":0,"jMin":0,"iMax":16,"jMax":4}],"player":0},{"type":"SCRIPT","index":27}]},{"type":"HIDE_CURSOR","begin_conditions":[{"type":"SCRIPT","index":28}]},{"type":"DELAY","begin_conditions":[{"type":"SCRIPT","index":28}],"milliseconds":666},{"type":"CAMERA_MOVE","begin_conditions":[{"type":"SCRIPT","index":30}],"iEnd":8,"jEnd":0},{"type":"UNIT_CREATE","begin_conditions":[{"type":"SCRIPT","index":31}],"i":8,"j":-1,"unitType":"DIRE_WOLF","player":1},{"type":"UNIT_MOVE","begin_conditions":[{"type":"SCRIPT","index":31}],"iStart":8,"jStart":-1,"iEnd":8,"jEnd":0},{"type":"UNIT_CREATE","begin_conditions":[{"type":"SCRIPT","index":31}],"i":7,"j":-2,"unitType":"DIRE_WOLF","player":1},{"type":"UNIT_MOVE","begin_conditions":[{"type":"SCRIPT","index":31}],"iStart":7,"jStart":-2,"iEnd":7,"jEnd":1},{"type":"CAMERA_MOVE","begin_conditions":[{"type":"SCRIPT","index":35}],"iEnd":6,"jEnd":8},{"type":"UNIT_CREATE","begin_conditions":[{"type":"SCRIPT","index":36}],"i":6,"j":12,"unitType":"DIRE_WOLF","player":1},{"type":"UNIT_MOVE","begin_conditions":[{"type":"SCRIPT","index":36}],"iStart":6,"jStart":12,"iEnd":6,"jEnd":8},{"type":"CAMERA_MOVE","begin_conditions":[{"type":"SCRIPT","index":38}],"iEnd":1,"jEnd":2},{"type":"UNIT_CREATE","begin_conditions":[{"type":"SCRIPT","index":39}],"i":-1,"j":2,"unitType":"WISP","player":1},{"type":"UNIT_MOVE","begin_conditions":[{"type":"SCRIPT","index":39}],"iStart":-1,"jStart":2,"iEnd":1,"jEnd":2},{"type":"UNIT_CREATE","begin_conditions":[{"type":"SCRIPT","index":39}],"i":-2,"j":1,"unitType":"DIRE_WOLF","player":1},{"type":"UNIT_MOVE","begin_conditions":[{"type":"SCRIPT","index":39}],"iStart":-2,"jStart":1,"iEnd":2,"jEnd":1},{"type":"UNIT_CREATE","begin_conditions":[{"type":"SCRIPT","index":39}],"i":-2,"j":3,"unitType":"DIRE_WOLF","player":1},{"type":"UNIT_MOVE","begin_conditions":[{"type":"SCRIPT","index":39}],"iStart":-2,"jStart":3,"iEnd":2,"jEnd":3},{"type":"DIALOG","begin_conditions":[{"type":"SCRIPT","index":45}],"text":"dialog.3","image":"../images/portrait/5.png","align":"LEFT"},{"type":"CAMERA_MOVE","begin_conditions":[{"type":"SCRIPT","index":46}],"iEnd":8,"jEnd":4},{"type":"UNIT_CREATE","begin_conditions":[{"type":"SCRIPT","index":47}],"i":8,"j":3,"unitType":"ELEMENTAL","player":1},{"type":"UNIT_CREATE","begin_conditions":[{"type":"SCRIPT","index":47}],"i":7,"j":4,"unitType":"ELEMENTAL","player":1},{"type":"UNIT_CREATE","begin_conditions":[{"type":"SCRIPT","index":47}],"i":8,"j":5,"unitType":"ELEMENTAL","player":1},{"type":"SPARK_DEFAULT","begin_conditions":[{"type":"SCRIPT","index":47}],"i":8,"j":3},{"type":"SPARK_DEFAULT","begin_conditions":[{"type":"SCRIPT","index":47}],"i":7,"j":4},{"type":"SPARK_DEFAULT","begin_conditions":[{"type":"SCRIPT","index":47}],"i":8,"j":5},{"type":"DIALOG","begin_conditions":[{"type":"SCRIPT","index":53}],"text":"dialog.4","image":"../images/portrait/5.png","align":"LEFT"},{"type":"DIALOG_WITHOUT_IMAGE","begin_conditions":[{"type":"SCRIPT","index":54}],"text":"dialog.5"},{"type":"DIALOG","begin_conditions":[{"type":"SCRIPT","index":55}],"text":"dialog.6","image":"../images/portrait/0.png","align":"LEFT"},{"type":"REMOVE_UNIT","begin_conditions":[{"type":"SCRIPT","index":56}],"i":8,"j":3},{"type":"REMOVE_UNIT","begin_conditions":[{"type":"SCRIPT","index":56}],"i":7,"j":4},{"type":"REMOVE_UNIT","begin_conditions":[{"type":"SCRIPT","index":56}],"i":8,"j":5},{"type":"UNIT_CREATE","begin_conditions":[{"type":"SCRIPT","index":56}],"i":8,"j":3,"unitType":"ELEMENTAL","player":0},{"type":"UNIT_CREATE","begin_conditions":[{"type":"SCRIPT","index":56}],"i":7,"j":4,"unitType":"ELEMENTAL","player":0},{"type":"UNIT_CREATE","begin_conditions":[{"type":"SCRIPT","index":56}],"i":8,"j":5,"unitType":"ELEMENTAL","player":0},{"type":"SPARK_DEFAULT","begin_conditions":[{"type":"SCRIPT","index":56}],"i":8,"j":3},{"type":"SPARK_DEFAULT","begin_conditions":[{"type":"SCRIPT","index":56}],"i":7,"j":4},{"type":"SPARK_DEFAULT","begin_conditions":[{"type":"SCRIPT","index":56}],"i":8,"j":5},{"type":"ENABLE_ACTIVE_GAME","begin_conditions":[{"type":"SCRIPT","index":65}]},{"type":"SHOW_CURSOR","begin_conditions":[{"type":"SCRIPT","index":65}]},{"type":"DISABLE_ACTIVE_GAME","begin_conditions":[{"type":"UNIT_AMOUNT","player":1,"comparator":0,"amount":0},{"type":"SCRIPT","index":67}]},{"type":"DELAY","begin_conditions":[{"type":"SCRIPT","index":68}],"milliseconds":666},{"type":"MISSION_COMPLETE","begin_conditions":[{"type":"SCRIPT","index":69}],"text":"missionComplete"},{"type":"CLOSE_MISSION","begin_conditions":[{"type":"SCRIPT","index":70}]},{"type":"GAME_OVER","begin_conditions":[{"type":"CASTLE_AMOUNT","player":0,"comparator":0,"amount":0},{"type":"NAMED_UNIT_DEAD","name":"king"}]}]}