{"name":"ПУТЬ ТЕНЕЙ","title":"Лес Мистов","target":"Проследовать через лес. Уничтожить все сопротивление. Король Галамар должен выжить.","targetTitle":"ПУТЬ ТЕНЕЙ","dialog.0":"Ваше величество, лес известен как обитель духов, элементалов, и других магических созданий. Путешествовать по нему ночью небезопасно.","dialog.1":"Капитан, вы слышали посланника от Валадорна - мы должны поднажать! Ничего не должно стоять между нами и Храмом Жизни.","dialog.2":"Понял. Войска, держите глаза открытыми и защитите Короля Галамара!","dialog.3":"Еще волки! Ваше величество, это выглядит плохо...","dialog.4":"Именем Создателя! Что это такое!","dialog.5":"Здраствуйте, люди Торина! Мы, Элементалы, слышали  о вашем задании по защите наших земель от зла, и предлагаем нашу верность нашему Королю.","dialog.6":"Мы рады принять ваше предложение. Ваша преданность королевству не будет забыта.","missionComplete":"МИССИЯ ЗАВЕРШЕНА"}