{"cells":[{"i":1,"j":9,"isCapture":true,"player":1},{"i":3,"j":4,"isCapture":true,"player":1},{"i":3,"j":12,"isCapture":true,"player":1},{"i":4,"j":7,"isCapture":true,"player":1},{"i":4,"j":13,"isCapture":true,"player":1},{"i":6,"j":12,"isDestroying":true},{"i":9,"j":3,"isCapture":true,"player":1},{"i":9,"j":6,"isCapture":true,"player":1},{"i":9,"j":10,"isDestroying":true},{"i":11,"j":4},{"i":12,"j":0},{"i":15,"j":8,"isCapture":true,"player":0},{"i":15,"j":12,"isCapture":true,"player":0},{"i":16,"j":3},{"i":17,"j":8,"isCapture":true,"player":0}]}