{"name":"HEAVEN'S FURY","title":"The Ancient Citadel","target":"Defeat Saeth and his minions!","targetTitle":"HEAVEN'S FURY","dialog.0":"The Ruins of the Ancient Citadel... and Saeth! With the Crystals!","dialog.1":"At last, Galamar and Valadorn! How very brave of you to confront me! All the keys are now in place, and soon the greatest power ever created on this earth will roar and bend to my will. Your destruction will be testimony to its might and glory!","dialog.2":"Your ruses can no longer fool us, Saeth!","dialog.3":"You do not believe me? Fools! I will favour you with a glimpse of this ancient power. Behold!","dialog.4":"What in the name of the Creator is that!","dialog.5":"Pathetic creatures, this is something ancient that you would not understand even if you lived a thousand years! Witness the power of Heaven's Fury!","dialog.6":"Galamar! We must hurry if our troops are to stand a chance!","dialog.7":"Sire, we should attack these castles first before we launch an attack on the Saeth and the Ruins.","dialog.8":"Pitiful wretches. You will not live long enough to see your precious Kingdom engulfed in shadow...","dialog.9":"Saeth! This time your defeat is complete!","dialog.10":"In your insignificant life and narrow mind, perhaps... Nevertheless everything is now set in motion - the invisible forces that govern time are beyond your knowledge. You cannot stop me from rising again!","dialog.11":"Your Majesty, the Ruins are falling apart! We should leave immediately!","dialog.12":"But the Crystals... They are still in there!","dialog.13":"The only thing we can save now is ourselves!","dialog.14":"You have served me well. Now move!","missionComplete":"MISSION COMPLETE"}