{"name":"НЕБЕСНЫЕ ФУРИИ","title":"Античная цитадель","target":"Порвать Саефа и его приспешников!","targetTitle":"НЕБЕСНЫЕ ФУРИИ","dialog.0":"Руины Античной Цитадели... и Саеф! С Кристаллами!","dialog.1":"Наконец-то, Галамар и Валадорн! Как вы храбры, чтобы противостоять мне! Все ключи на местах, и скоро величайшая сила из свех, когда либо созранных на земле подчинится моей воле. Ваше уничтожение будет доказательством этой силы!","dialog.2":"Твои уловки больше не будут вводить нас в заблуждение, Саеф!","dialog.3":"Вы мне не верите? Идиоты! Я благоволю вас мерцанием этой древней силы. Узрейте!","dialog.4":"Что, именем Создателя, это такое!","dialog.5":"Жалкие создания, это что-то настолько древнее, чего вы не сможете понять, даже если проживете тысячи лет! Будьте свидетелями силы Небесных Фурий!","dialog.6":"Галамар! Вы должны поторопиться , чтобы наши войска получили шанс.","dialog.7":"Сэр, мы должны атаковать эти замки перед тем, как мы начнем нападение на саефа и Руины.","dialog.8":"Жалкие негодяи! Вы не проживете столько, чтобы увидеть, как ваше драгоценное Королевство поглотиться тьмой...","dialog.9":"Саеф! Пришло время твоего поражения!","dialog.10":"В твоей незначительной жизни и ограниченных мозгах, возможно...Тем не менее все сейчас в движении - невидимые силы, которые управляют временем за пределами твоих знаний. Ты не сможешь остановить меня от воскрешения!","dialog.11":"Ваше Величество, Руины разваливаются! Мы должны уйти немедленно!","dialog.12":"Но Кристаллы... Они все еще там!","dialog.13":"Все что мы можем сейчас спасти - это наши задницы!","dialog.14":"Вы хорошо служили мне. А сейчас уходите!","missionComplete":"МИССИЯ ЗАВЕРШЕНА"}