{"units":[{"type":"CRYSTAL","player":0,"i":2,"j":5},{"type":"CRYSTAL","player":0,"i":2,"j":9},{"type":"CRYSTAL","player":0,"i":3,"j":7},{"type":"KING","player":1,"i":4,"j":7},{"type":"DRAGON","player":1,"i":4,"j":12},{"type":"KING","player":1,"i":4,"j":13},{"type":"CATAPULT","player":1,"i":9,"j":2},{"type":"KING","player":1,"i":9,"j":3},{"type":"ELEMENTAL","player":1,"i":9,"j":4},{"type":"ARCHER","player":1,"i":9,"j":6},{"type":"WISP","player":1,"i":9,"j":7},{"type":"DRAGON","player":0,"i":14,"j":10},{"type":"ELEMENTAL","player":0,"i":15,"j":5},{"type":"KING","player":0,"i":15,"j":6},{"type":"GOLEM","player":0,"i":15,"j":7},{"type":"KING","player":0,"i":15,"j":8},{"type":"SOLDIER","player":0,"i":15,"j":9},{"type":"WISP","player":0,"i":16,"j":6},{"type":"CATAPULT","player":0,"i":16,"j":7}]}