{
	"color_folders":
	{
		"red": "red/",
		"green": "green/",
		"blue": "blue/"
	},
	"default_images_folder": "default/",
	"destroying_images_folder": "destroying/",
	"images":
	[
		{ "type": "MOUNT", "image": "mount.png" },
		{ "type": "HILL", "image": "hill.png" },
		{ "type": "TWO_TREES", "image": "two_trees.png" },
		{ "type": "THREE_TREES", "image": "three_trees.png" },
		{ "type": "PLAIN", "image": "plain.png" },
		{ "type": "CITADEL_LEFT", "image": "citadel_left.png" },
		{ "type": "CITADEL_RIGHT", "image": "citadel_right.png" },
		{ "type": "CITADEL_UP", "image": "citadel_up.png" },
		{ "type": "BUILDING", "image": "building.png", "imageDestroying": "building.png", "isSmokes": true },
		{ "type": "CASTLE", "image": "castle.png", "imageDual": "castle_up.png" },
		{ "type": "CAMP", "image": "camp.png" },
		{ "type": "TEMPLE", "image": "temple.png" },
		{ "type": "CITADEL", "image": "citadel.png" },
		{ "type": "WAY_DOWN_UP", "image": "ways/way_down_up.png" },
		{ "type": "WAY_LEFT_DOWN", "image": "ways/way_left_down.png" },
		{ "type": "WAY_LEFT_RIGHT", "image": "ways/way_left_right.png" },
		{ "type": "WAY_LEFT_RIGHT_DOWN_UP", "image": "ways/way_left_right_down_up.png" },
		{ "type": "WAY_LEFT_UP", "image": "ways/way_left_up.png" },
		{ "type": "WAY_RIGHT_DOWN", "image": "ways/way_right_down.png" },
		{ "type": "WAY_RIGHT_UP", "image": "ways/way_right_up.png" },
		{ "type": "WATER_WAY_HORIZONTAL", "image": "water_ways/horizontal.png" },
		{ "type": "WATER_WAY_VERTICAL", "image": "water_ways/vertical.png" },
		{ "type": "WATER_LEFT_DOWNLEFT_DOWN_DOWNRIGHT", "image": "waters/water_left_downleft_down_downright.png" },
		{ "type": "WATER_LEFT_DOWNLEFT_DOWN", "image": "waters/water_left_downleft_down.png" },
		{ "type": "WATER_LEFT_RIGHT_DOWNLEFT_DOWN_DOWNRIGHT", "image": "waters/water_left_right_downleft_down_downright.png" },
		{ "type": "WATER_RIGHT_DOWN_DOWNRIGHT", "image": "waters/water_right_down_downright.png" },
		{ "type": "WATER_RIGHT_DOWNLEFT_DOWN_DOWNRIGHT", "image": "waters/water_right_downleft_down_downright.png" },
		{ "type": "WATER_UP_UPRIGHT_LEFT_RIGHT_DOWNLEFT_DOWN_DOWNRIGHT", "image": "waters/water_up_upright_left_right_downleft_down_downright.png" },
		{ "type": "WATER_UP_UPRIGHT_RIGHT_DOWN_DOWNRIGHT", "image": "waters/water_up_upright_right_down_downright.png" },
		{ "type": "WATER_UP_UPRIGHT_RIGHT_DOWNRIGHT", "image": "waters/water_up_upright_right_downright.png" },
		{ "type": "WATER_UP_UPRIGHT_RIGHT", "image": "waters/water_up_upright_right.png" },
		{ "type": "WATER_UPLEFT_LEFT_DOWNLEFT_DOWN_DOWNRIGHT", "image": "waters/water_upleft_left_downleft_down_downright.png" },
		{ "type": "WATER_UPLEFT_LEFT_DOWNLEFT_DOWN", "image": "waters/water_upleft_left_downleft_down.png" },
		{ "type": "WATER_UPLEFT_UP_LEFT_DOWNLEFT_DOWN", "image": "waters/water_upleft_up_left_downleft_down.png" },
		{ "type": "WATER_UPLEFT_UP_LEFT_DOWNLEFT", "image": "waters/water_upleft_up_left_downleft.png" },
		{ "type": "WATER_UPLEFT_UP_LEFT", "image": "waters/water_upleft_up_left.png" },
		{ "type": "WATER_UPLEFT_UP_LEFT_RIGHT_DOWNLEFT_DOWN_DOWNRIGHT", "image": "waters/water_upleft_up_left_right_downleft_down_downright.png" },
		{ "type": "WATER_UPLEFT_UP_UPRIGHT_LEFT_DOWNLEFT", "image": "waters/water_upleft_up_upright_left_downleft.png" },
		{ "type": "WATER_UPLEFT_UP_UPRIGHT_LEFT", "image": "waters/water_upleft_up_upright_left.png" },
		{ "type": "WATER_UPLEFT_UP_UPRIGHT_LEFT_RIGHT_DOWN_DOWNRIGHT", "image": "waters/water_upleft_up_upright_left_right_down_downright.png" },
		{ "type": "WATER_UPLEFT_UP_UPRIGHT_LEFT_RIGHT_DOWNLEFT_DOWN_DOWNRIGHT", "image": "waters/water_upleft_up_upright_left_right_downleft_down_downright.png" },
		{ "type": "WATER_UPLEFT_UP_UPRIGHT_LEFT_RIGHT_DOWNLEFT_DOWN_DOWNRIGHT_SPARKS", "image": "waters/water_upleft_up_upright_left_right_downleft_down_downright_sparks.png" },
		{ "type": "WATER_UPLEFT_UP_UPRIGHT_LEFT_RIGHT_DOWNLEFT_DOWN", "image": "waters/water_upleft_up_upright_left_right_downleft_down.png" },
		{ "type": "WATER_UPLEFT_UP_UPRIGHT_LEFT_RIGHT", "image": "waters/water_upleft_up_upright_left_right.png" },
		{ "type": "WATER_UPLEFT_UP_UPRIGHT_RIGHT_DOWNRIGHT", "image": "waters/water_upleft_up_upright_right_downright.png" },
		{ "type": "WATER_UPLEFT_UP_UPRIGHT_RIGHT", "image": "waters/water_upleft_up_upright_right.png" },
		{ "type": "WATER_UPRIGHT_RIGHT_DOWN_DOWNRIGHT", "image": "waters/water_upright_right_down_downright.png" },
		{ "type": "WATER_UPRIGHT_RIGHT_DOWNLEFT_DOWN_DOWNRIGHT", "image": "waters/water_upright_right_downleft_down_downright.png" }
	]
}