{
	"images":
	[
		{ "type": "MOUNT", "images": [ "mount.png" ] },
		{ "type": "HILL", "images": [ "hill.png" ] },
		{ "type": "TWO_TREES", "images": [ "two_trees.png" ] },
		{ "type": "THREE_TREES", "images": [ "three_trees.png" ] },
		{ "type": "PLAIN", "images": [ "plain.png" ] },
		{ "type": "CITADEL_LEFT", "images": [ "citadel_left.png" ] },
		{ "type": "CITADEL_RIGHT", "images": [ "citadel_right.png" ] },
		{ "type": "CITADEL_UP", "images": [ "citadel_up.png" ] },
		{ "type": "BUILDING", "images": [ "building.png" ], "imagesDestroying": [ "building.png" ], "isSmokes": true },
		{ "type": "CASTLE", "images": [ "castle.png" ] },
		{ "type": "CASTLE", "images": [ "castle_up.png" ], "isDual": true },
		{ "type": "CAMP", "images": [ "camp.png" ] },
		{ "type": "TEMPLE", "images": [ "temple.png" ] },
		{ "type": "CITADEL", "images": [ "citadel.png" ] },
		{ "type": "WAY_DOWN_UP", "images": [ "ways/way_down_up.png" ] },
		{ "type": "WAY_LEFT_DOWN", "images": [ "ways/way_left_down.png" ] },
		{ "type": "WAY_LEFT_RIGHT", "images": [ "ways/way_left_right.png" ] },
		{ "type": "WAY_LEFT_RIGHT_DOWN_UP", "images": [ "ways/way_left_right_down_up.png" ] },
		{ "type": "WAY_LEFT_UP", "images": [ "ways/way_left_up.png" ] },
		{ "type": "WAY_RIGHT_DOWN", "images": [ "ways/way_right_down.png" ] },
		{ "type": "WAY_RIGHT_UP", "images": [ "ways/way_right_up.png" ] },
		{ "type": "WATER_WAY_HORIZONTAL", "images": [ "water_ways/horizontal.png" ] },
		{ "type": "WATER_WAY_VERTICAL", "images": [ "water_ways/vertical.png" ] },
		{ "type": "WATER_LEFT_DOWNLEFT_DOWN_DOWNRIGHT", "images": [ "waters/water_left_downleft_down_downright.png" ] },
		{ "type": "WATER_LEFT_DOWNLEFT_DOWN", "images": [ "waters/water_left_downleft_down.png" ] },
		{ "type": "WATER_LEFT_RIGHT_DOWNLEFT_DOWN_DOWNRIGHT", "images": [ "waters/water_left_right_downleft_down_downright.png" ] },
		{ "type": "WATER_RIGHT_DOWN_DOWNRIGHT", "images": [ "waters/water_right_down_downright.png" ] },
		{ "type": "WATER_RIGHT_DOWNLEFT_DOWN_DOWNRIGHT", "images": [ "waters/water_right_downleft_down_downright.png" ] },
		{ "type": "WATER_UP_UPRIGHT_LEFT_RIGHT_DOWNLEFT_DOWN_DOWNRIGHT", "images": [ "waters/water_up_upright_left_right_downleft_down_downright.png" ] },
		{ "type": "WATER_UP_UPRIGHT_RIGHT_DOWN_DOWNRIGHT", "images": [ "waters/water_up_upright_right_down_downright.png" ] },
		{ "type": "WATER_UP_UPRIGHT_RIGHT_DOWNRIGHT", "images": [ "waters/water_up_upright_right_downright.png" ] },
		{ "type": "WATER_UP_UPRIGHT_RIGHT", "images": [ "waters/water_up_upright_right.png" ] },
		{ "type": "WATER_UPLEFT_LEFT_DOWNLEFT_DOWN_DOWNRIGHT", "images": [ "waters/water_upleft_left_downleft_down_downright.png" ] },
		{ "type": "WATER_UPLEFT_LEFT_DOWNLEFT_DOWN", "images": [ "waters/water_upleft_left_downleft_down.png" ] },
		{ "type": "WATER_UPLEFT_UP_LEFT_DOWNLEFT_DOWN", "images": [ "waters/water_upleft_up_left_downleft_down.png" ] },
		{ "type": "WATER_UPLEFT_UP_LEFT_DOWNLEFT", "images": [ "waters/water_upleft_up_left_downleft.png" ] },
		{ "type": "WATER_UPLEFT_UP_LEFT", "images": [ "waters/water_upleft_up_left.png" ] },
		{ "type": "WATER_UPLEFT_UP_LEFT_RIGHT_DOWNLEFT_DOWN_DOWNRIGHT", "images": [ "waters/water_upleft_up_left_right_downleft_down_downright.png" ] },
		{ "type": "WATER_UPLEFT_UP_UPRIGHT_LEFT_DOWNLEFT", "images": [ "waters/water_upleft_up_upright_left_downleft.png" ] },
		{ "type": "WATER_UPLEFT_UP_UPRIGHT_LEFT", "images": [ "waters/water_upleft_up_upright_left.png" ] },
		{ "type": "WATER_UPLEFT_UP_UPRIGHT_LEFT_RIGHT_DOWN_DOWNRIGHT", "images": [ "waters/water_upleft_up_upright_left_right_down_downright.png" ] },
		{ "type": "WATER_UPLEFT_UP_UPRIGHT_LEFT_RIGHT_DOWNLEFT_DOWN_DOWNRIGHT", "images": [ "waters/water_upleft_up_upright_left_right_downleft_down_downright.png" ] },
		{ "type": "WATER_UPLEFT_UP_UPRIGHT_LEFT_RIGHT_DOWNLEFT_DOWN_DOWNRIGHT_SPARKS", "images": [ "waters/water_upleft_up_upright_left_right_downleft_down_downright.png", "waters/water_upleft_up_upright_left_right_downleft_down_downright_sparks.png" ] },
		{ "type": "WATER_UPLEFT_UP_UPRIGHT_LEFT_RIGHT_DOWNLEFT_DOWN", "images": [ "waters/water_upleft_up_upright_left_right_downleft_down.png" ] },
		{ "type": "WATER_UPLEFT_UP_UPRIGHT_LEFT_RIGHT", "images": [ "waters/water_upleft_up_upright_left_right.png" ] },
		{ "type": "WATER_UPLEFT_UP_UPRIGHT_RIGHT_DOWNRIGHT", "images": [ "waters/water_upleft_up_upright_right_downright.png" ] },
		{ "type": "WATER_UPLEFT_UP_UPRIGHT_RIGHT", "images": [ "waters/water_upleft_up_upright_right.png" ] },
		{ "type": "WATER_UPRIGHT_RIGHT_DOWN_DOWNRIGHT", "images": [ "waters/water_upright_right_down_downright.png" ] },
		{ "type": "WATER_UPRIGHT_RIGHT_DOWNLEFT_DOWN_DOWNRIGHT", "images": [ "waters/water_upright_right_downleft_down_downright.png" ] }
	]
}
