<?xml version="1.0" encoding="UTF-8"?>

<images_info>
	<color_folders>
		<color_folder name="0xFFFF0000" value="red/" />
		<color_folder name="0xFF00FF00" value="green/" />
		<color_folder name="0xFF0000FF" value="blue/" />
	</color_folders>
	<default_images_folder>default/</default_images_folder>
	<destroying_images_folder>destroying/</destroying_images_folder>
	<image type="MOUNT" image="mount.png" />
	<image type="HILL" image="hill.png" />
	<image type="TWO_TREES" image="two_trees.png" />
	<image type="THREE_TREES" image="three_trees.png" />
	<image type="PLAIN" image="plain.png" />
	<image type="CITADEL_LEFT" image="citadel_left.png" />
	<image type="CITADEL_RIGHT" image="citadel_right.png" />
	<image type="CITADEL_UP" image="citadel_up.png" />
	<image type="BUILDING" image="building.png" destroyingImage="building_destroying.png" />
	<image type="CASTLE" image="castle.png" isDual="true" imageDual="castle_up.png" />
	<image type="CAMP" image="camp.png" />
	<image type="TEMPLE" image="temple.png" />
	<image type="CITADEL" image="citadel.png" />
	<image type="WAY_DOWN_UP" image="ways/way_down_up.png" />
	<image type="WAY_LEFT_DOWN" image="ways/way_left_down.png" />
	<image type="WAY_LEFT_RIGHT" image="ways/way_left_right.png" />
	<image type="WAY_LEFT_RIGHT_DOWN_UP" image="ways/way_left_right_down_up.png" />
	<image type="WAY_LEFT_UP" image="ways/way_left_up.png" />
	<image type="WAY_RIGHT_DOWN" image="ways/way_right_down.png" />
	<image type="WAY_RIGHT_UP" image="ways/way_right_up.png" />
	<image type="WATER_WAY_HORIZONTAL" image="water_ways/horizontal.png" />
	<image type="WATER_WAY_VERTICAL" image="water_ways/vertical.png" />
	<image type="WATER_LEFT_DOWNLEFT_DOWN_DOWNRIGHT" image="waters/water_left_downleft_down_downright.png" />
	<image type="WATER_LEFT_DOWNLEFT_DOWN" image="waters/water_left_downleft_down.png" />
	<image type="WATER_LEFT_RIGHT_DOWNLEFT_DOWN_DOWNRIGHT" image="waters/water_left_right_downleft_down_downright.png" />
	<image type="WATER_RIGHT_DOWN_DOWNRIGHT" image="waters/water_right_down_downright.png" />
	<image type="WATER_RIGHT_DOWNLEFT_DOWN_DOWNRIGHT" image="waters/water_right_downleft_down_downright.png" />
	<image type="WATER_UP_UPRIGHT_LEFT_RIGHT_DOWNLEFT_DOWN_DOWNRIGHT" image="waters/water_up_upright_left_right_downleft_down_downright.png" />
	<image type="WATER_UP_UPRIGHT_RIGHT_DOWN_DOWNRIGHT" image="waters/water_up_upright_right_down_downright.png" />
	<image type="WATER_UP_UPRIGHT_RIGHT_DOWNRIGHT" image="waters/water_up_upright_right_downright.png" />
	<image type="WATER_UP_UPRIGHT_RIGHT" image="waters/water_up_upright_right.png" />
	<image type="WATER_UPLEFT_LEFT_DOWNLEFT_DOWN_DOWNRIGHT" image="waters/water_upleft_left_downleft_down_downright.png" />
	<image type="WATER_UPLEFT_LEFT_DOWNLEFT_DOWN" image="waters/water_upleft_left_downleft_down.png" />
	<image type="WATER_UPLEFT_UP_LEFT_DOWNLEFT_DOWN" image="waters/water_upleft_up_left_downleft_down.png" />
	<image type="WATER_UPLEFT_UP_LEFT_DOWNLEFT" image="waters/water_upleft_up_left_downleft.png" />
	<image type="WATER_UPLEFT_UP_LEFT" image="waters/water_upleft_up_left.png" />
	<image type="WATER_UPLEFT_UP_LEFT_RIGHT_DOWNLEFT_DOWN_DOWNRIGHT" image="waters/water_upleft_up_left_right_downleft_down_downright.png" />
	<image type="WATER_UPLEFT_UP_UPRIGHT_LEFT_DOWNLEFT" image="waters/water_upleft_up_upright_left_downleft.png" />
	<image type="WATER_UPLEFT_UP_UPRIGHT_LEFT" image="waters/water_upleft_up_upright_left.png" />
	<image type="WATER_UPLEFT_UP_UPRIGHT_LEFT_RIGHT_DOWN_DOWNRIGHT" image="waters/water_upleft_up_upright_left_right_down_downright.png" />
	<image type="WATER_UPLEFT_UP_UPRIGHT_LEFT_RIGHT_DOWNLEFT_DOWN_DOWNRIGHT" image="waters/water_upleft_up_upright_left_right_downleft_down_downright.png" />
	<image type="WATER_UPLEFT_UP_UPRIGHT_LEFT_RIGHT_DOWNLEFT_DOWN_DOWNRIGHT2" image="waters/water_upleft_up_upright_left_right_downleft_down_downright2.png" />
	<image type="WATER_UPLEFT_UP_UPRIGHT_LEFT_RIGHT_DOWNLEFT_DOWN" image="waters/water_upleft_up_upright_left_right_downleft_down.png" />
	<image type="WATER_UPLEFT_UP_UPRIGHT_LEFT_RIGHT" image="waters/water_upleft_up_upright_left_right.png" />
	<image type="WATER_UPLEFT_UP_UPRIGHT_RIGHT_DOWNRIGHT" image="waters/water_upleft_up_upright_right_downright.png" />
	<image type="WATER_UPLEFT_UP_UPRIGHT_RIGHT" image="waters/water_upleft_up_upright_right.png" />
	<image type="WATER_UPRIGHT_RIGHT_DOWN_DOWNRIGHT" image="waters/water_upright_right_down_downright.png" />
	<image type="WATER_UPRIGHT_RIGHT_DOWNLEFT_DOWN_DOWNRIGHT" image="waters/water_upright_right_downleft_down_downright.png" />
</images_info>