<?xml version="1.0" encoding="UTF-8"?>

<cell_images_info>
	<color_folders>
		<color_folder name="0xFFFF0000" value="red/" />
		<color_folder name="0xFF00FF00" value="green/" />
		<color_folder name="0xFF0000FF" value="blue/" />
	</color_folders>
	<cell_image type="MOUNT" image="mount.png" />
	<cell_image type="HILL" image="hill.png" />
	<cell_image type="TWO_TREES" image="two_trees.png" />
	<cell_image type="THREE_TREES" image="three_trees.png" />
	<cell_image type="PLAIN" image="plain.png" />
	<cell_image type="BUILDING" image="default/building.png" destroyingImage="building_destroying.png" />
	<cell_image type="WAY_DOWN_UP" image="ways/way_down_up.png" />
	<cell_image type="WAY_LEFT_DOWN" image="ways/way_left_down.png" />
	<cell_image type="WAY_LEFT_RIGHT" image="ways/way_left_right.png" />
	<cell_image type="WAY_LEFT_RIGHT_DOWN_UP" image="ways/way_left_right_down_up.png" />
	<cell_image type="WAY_LEFT_UP" image="ways/way_left_up.png" />
	<cell_image type="WAY_RIGHT_DOWN" image="ways/way_right_down.png" />
	<cell_image type="WAY_RIGHT_UP" image="ways/way_right_up.png" />
	<cell_image type="WATER_LEFT_DOWNLEFT_DOWN_DOWNRIGHT" image="waters/water_left_downleft_down_downright.png" />
	<cell_image type="WATER_LEFT_DOWNLEFT_DOWN" image="waters/water_left_downleft_down.png" />
	<cell_image type="WATER_LEFT_RIGHT_DOWNLEFT_DOWN_DOWNRIGHT" image="waters/water_left_right_downleft_down_downright.png" />
	<cell_image type="WATER_RIGHT_DOWN_DOWNRIGHT" image="waters/water_right_down_downright.png" />
	<cell_image type="WATER_RIGHT_DOWNLEFT_DOWN_DOWNRIGHT" image="waters/water_right_downleft_down_downright.png" />
	<cell_image type="WATER_UP_UPRIGHT_LEFT_RIGHT_DOWNLEFT_DOWN_DOWNRIGHT" image="waters/water_up_upright_left_right_downleft_down_downright.png" />
	<cell_image type="WATER_UP_UPRIGHT_RIGHT_DOWN_DOWNRIGHT" image="waters/water_up_upright_right_down_downright.png" />
	<cell_image type="WATER_UP_UPRIGHT_RIGHT_DOWNRIGHT" image="waters/water_up_upright_right_downright.png" />
	<cell_image type="WATER_UP_UPRIGHT_RIGHT" image="waters/water_up_upright_right.png" />
	<cell_image type="WATER_UPLEFT_LEFT_DOWNLEFT_DOWN_DOWNRIGHT" image="waters/water_upleft_left_downleft_down_downright.png" />
	<cell_image type="WATER_UPLEFT_LEFT_DOWNLEFT_DOWN" image="waters/water_upleft_left_downleft_down.png" />
	<cell_image type="WATER_UPLEFT_UP_LEFT_DOWNLEFT_DOWN" image="waters/water_upleft_up_left_downleft_down.png" />
	<cell_image type="WATER_UPLEFT_UP_LEFT_DOWNLEFT" image="waters/water_upleft_up_left_downleft.png" />
	<cell_image type="WATER_UPLEFT_UP_LEFT" image="waters/water_upleft_up_left.png" />
	<cell_image type="WATER_UPLEFT_UP_LEFT_RIGHT_DOWNLEFT_DOWN_DOWNRIGHT" image="waters/water_upleft_up_left_right_downleft_down_downright.png" />
	<cell_image type="WATER_UPLEFT_UP_UPRIGHT_LEFT_DOWNLEFT" image="waters/water_upleft_up_upright_left_downleft.png" />
	<cell_image type="WATER_UPLEFT_UP_UPRIGHT_LEFT" image="waters/water_upleft_up_upright_left.png" />
	<cell_image type="WATER_UPLEFT_UP_UPRIGHT_LEFT_RIGHT_DOWN_DOWNRIGHT" image="waters/water_upleft_up_upright_left_right_down_downright.png" />
	<cell_image type="WATER_UPLEFT_UP_UPRIGHT_LEFT_RIGHT_DOWNLEFT_DOWN_DOWNRIGHT" image="waters/water_upleft_up_upright_left_right_downleft_down_downright.png" />
	<cell_image type="WATER_UPLEFT_UP_UPRIGHT_LEFT_RIGHT_DOWNLEFT_DOWN" image="waters/water_upleft_up_upright_left_right_downleft_down.png" />
	<cell_image type="WATER_UPLEFT_UP_UPRIGHT_LEFT_RIGHT" image="waters/water_upleft_up_upright_left_right.png" />
	<cell_image type="WATER_UPLEFT_UP_UPRIGHT_RIGHT_DOWNRIGHT" image="waters/water_upleft_up_upright_right_downright.png" />
	<cell_image type="WATER_UPLEFT_UP_UPRIGHT_RIGHT" image="waters/water_upleft_up_upright_right.png" />
	<cell_image type="WATER_UPRIGHT_RIGHT_DOWN_DOWNRIGHT" image="waters/water_upright_right_down_downright.png" />
	<cell_image type="WATER_UPRIGHT_RIGHT_DOWNLEFT_DOWN_DOWNRIGHT" image="waters/water_upright_right_downleft_down_downright.png" />
</cell_images_info>